[
  {
    "text": " About a week before the bombing, the theater's set designer used white paint to inscribe the word CHILDREN in Cyrillic letters on the pavement outside, in the hope of staving off an attack from above.The lack of bodies led the police officer and a Mariupol Red Cross official to speculate that perhaps fewer than 500 people died, but most survivors suggested the bodies were either pulverized into the dust or removed by the Russians.",
    "intent": "BombBlast"
  },
  {
    "text": " Search and rescue teams worked through the night and into Saturday, using ladders to descend through the rubble and twisted metal into the hotel’s basement as heavy machinery gingerly moved away piles of the building’s façade to allow access.The company said it was investigating the cause of the blast and did not respond to an email from the AP seeking more details about the hotel and the renovation it was undergoing.",
    "intent": "BombBlast"
  },
  {
    "text": " News photos from the aftermath of the blast showed the Confucius Institute building with shattered windows.Pakistani military personnel and police cordoned off the area, with news photos showing the remains of a charred, white Toyota van near the gate of the Confucius Institute on the Karachi University campus.The van, according to local media reports, had been carrying several teachers to the Institute when it was attacked, escorted by several motorcycles.The injured Chinese national was rushed to a local hospital for treatment, along with several injured security personnel and other staff.The Chinese Consulate General in Karachi confirmed that the three deceased were staff of the Confucius Institute at the University of Karachi.The group named the bomber as Shaari Baloch, a 30-year-old mother of two who had been studying for a master's degree.China's Ministry of Foreign Affairs called on Pakistan to take steps to guarantee the safety of all Chinese citizens and interests in the country and to launch a full investigation into the blast, warning Chinese nationals not to go out unless necessary, and to take the strictest precautions.",
    "intent": "BombBlast"
  },
  {
    "text": " They will remember it all their life and will pass their stories to the next generation.” ___ This story is part of an ongoing investigation from The Associated Press and the PBS series “Frontline” that includes the War Crimes Watch Ukraine interactive experience and an upcoming documentary.And now the school is a ruin that stands in the center of the village and reminds of those terrible air raids and bombings.” UNICEF communications director Toby Fricker, who is currently in Ukraine, agreed.",
    "intent": "BombBlast"
  },
  {
    "text": " But the destruction of hundreds of schools is about more than toppling buildings and maiming bodies, according to experts, to teachers and to others who have survived conflicts in the former Yugoslavia, in Syria and beyond.And now the school is a ruin that stands in the center of the village and reminds of those terrible air raids and bombings.” Teachers and students who have lived through other conflicts say the destruction of schools in their countries damaged an entire generation.",
    "intent": "BombBlast"
  },
  {
    "text": " At the time, the Las Vegas Sun reported: ‘Hell burst from the skies over Yucca Flat this morning as America’s latest model atom bomb exploded with enough force to devastate much of New York, Chicago, Los Angeles or any other big city.’ Now, 70-years from the day, archive footage of the broadcast shows exactly what millions of Americans saw on their TV screens.‘The only “casualties” were the fellows who got a mouth full of dirt when the bomb went off.’ At the time, the effects of radiation poisoning and just how deadly atomic weapons and their fallout could be had not been fully understood.",
    "intent": "BombBlast"
  },
  {
    "text": " In fact, they weren’t safe.” About a week before the bombing, the theater’s set designer used white paint to inscribe the word “CHILDREN” in Cyrillic letters on the pavement outside, in the hope of staving off an attack from above.The lack of bodies led the police officer and a Mariupol Red Cross official to speculate that perhaps fewer than 500 people died, but most survivors suggested the bodies were either pulverized into the dust or removed by the Russians.",
    "intent": "BombBlast"
  },
  {
    "text": "The government estimated early on that about 300 people died and has since opened a war crimes investigation, according to a document obtained by the AP.AP journalists arrived at a much higher number through the reconstruction of a 3D model of the building's floorplan reviewed repeatedly by direct witnesses, most from within the theater, who described in detail where people were sheltering.All the witnesses said at least 100 people were at a field kitchen just outside, and none survived.He was headed the 100 meters from his home to the theater, as he had done every morning in the past week, for food and water.Near the entrance to the parking garage, the force of the blast knocked him to the ground.",
    "intent": "BombBlast"
  },
  {
    "text": "The Chinese embassy and consulate in Pakistan strongly condemn this terrorist act, express deep condolences to the victims of the two countries and sincere condolences to the injured and their relatives, and will make every effort to deal with the incident along with the Pakistani side,” a statement on the embassy website said.Hours after the bombing, the US Consulate in the port city of Karachi on Twitter condemned the attack, saying: “This cowardly act stands in direct contrast to the peaceful spirit of Ramadan, and we offer our deepest condolences to the victims and their families and those who lost their loved ones.” In Islamabad, Pakistan’s Foreign Ministry in a statement condemned the attack and the killing of Chinese in Karachi.",
    "intent": "BombBlast"
  },
  {
    "text": "That anger has, for some, shifted - from the bomber, Salman Abedi, who died in the attack, and his brother Hashem, who is serving a minimum of 55 years behind bars for helping him carry out the outrage - to the authorities who have faced severe criticism at the public inquiry into the bombing.The image of a worker bee was an emblem for the birthplace of the industrial revolution long before the 2017 attack, but since then the bee has come to symbolise Manchester's indomitable spirit and determination not to succumb to hate, despite such an awful tragedy.",
    "intent": "BombBlast"
  },
  {
    "text": "A few hours later, the city of Tiraspol - the capital of the breakaway state – also reported a series of attacks on the building of the Tiraspol Security Service, the MGB, blowing out several windows on the upper floors.Its is the only flag in the world to have retained the Communist symbol of the hammer and sickle Footage of the border between Transnistria and Moldova yesterday saw queues of cars apparently trying to leave the region.",
    "intent": "BombBlast"
  },
  {
    "text": "Mohammad Asif Waziri, a spokesperson for the Taliban who has been appointed police chief, said in a statement that the blasts targeted two separate vehicles in the capital of Balkh province.While the Taliban and Isis are both Sunni Islamist extremist groups seeking to form authoritarian states under strict Sharia law and prepared to use violence to achieve their aim, the two groups remain fierce rivals in Afghanistan.",
    "intent": "BombBlast"
  },
  {
    "text": "Hundreds of worshippers had packed into the mosque for prayers on the last Friday of the Muslim holy month of Ramadan – with residents fearing the casualty toll could rise further due to the large crowds there.Residents said that the explosion was so powerful and loud that the neighbourhood of the mosque shook from the blast.",
    "intent": "BombBlast"
  },
  {
    "text": "Video of the incident was widely shared on social media.Hide Caption 85 of 193 Photos: Russia invades UkraineA Ukrainian soldier carries a baby across a destroyed bridge on the outskirts of Kyiv on March 3.Hide Caption 86 of 193 Photos: Russia invades UkraineResidents react in front of a burning building after shelling in Kharkiv on March 3.Hide Caption 87 of 193 Photos: Russia invades UkraineA Ukrainian soldier who says he was shot three times in the opening days of the invasion sits on a hospital bed in Kyiv on March 3.Hide Caption 88 of 193 Photos: Russia invades UkrainePeople form a human chain to transfer supplies into Kyiv on March 3.Hide Caption 89 of 193 Photos: Russia invades UkraineA cemetery worker digs graves for Ukrainian soldiers in Kyiv on March 3.Hide Caption 90 of 193 Photos: Russia invades UkraineA mother cares for her two infant sons in the underground shelter of a maternity hospital in Kyiv on March 3.Explosions were seen and heard in parts of the capital as Ukrainians battled to hold back advancing Russian troops.Hide Caption 131 of 193 Photos: Russia invades UkraineThe body of a Russian soldier lies next to a Russian vehicle outside Kharkiv on February 25.Hide Caption 132 of 193 Photos: Russia invades UkraineNewly married couple Yaryna Arieva and Sviatoslav Fursin pose for photo in Kyiv on February 25 after they joined the Territorial Defense Forces.Hide Caption 133 of 193 Photos: Russia invades UkraineMembers of the Ukrainian National Guard take positions in central Kyiv on February 25.Hide Caption 134 of 193 Photos: Russia invades UkrainePeople walk past a residential building in Kyiv that was hit in an alleged Russian airstrike on February 25.Hide Caption 135 of 193 Photos: Russia invades UkraineThe body of a school employee, who according to locals was killed in recent shelling, lies in the separatist-controlled town of Horlivka in Ukraine's Donetsk region on February 25.Hide Caption 136 of 193 Photos: Russia invades UkraineKyiv residents take shelter in an underground parking garage on February 25.Hide Caption 137 of 193 Photos: Russia invades UkraineThe body of a rocket remains in an apartment after shelling on the northern outskirts of Kharkiv on February 24.Hide Caption 138 of 193 Photos: Russia invades UkraineA wounded woman stands outside a hospital after an attack on the eastern Ukrainian town of Chuhuiv, outside of Kharkiv, on February 24.Hide Caption 139 of 193 Photos: Russia invades UkraineA boy plays with his tablet in a public basement used as a bomb shelter in Kyiv on February 24.Hide Caption 140 of 193 Photos: Russia invades UkraineSviatoslav Fursin, left, and Yaryna Arieva kneel during their wedding ceremony at the St. Michael's Cathedral in Kyiv on February 24.",
    "intent": "BombBlast"
  },
  {
    "text": "That’s almost double the death toll cited so far – and many survivors say the number is even higher.The Associated Press (AP) recreated what happened inside the Donetsk Academic Regional Drama Theatre, which had served as the bombarded Ukrainian city’s main bomb shelter for more than a week before being hit on March 16, from the accounts of 23 survivors, rescuers, and people intimately familiar with the building’s new purpose.It drew on two sets of floor plans of the venue, photographs and video taken inside before, during and after that day, and feedback from experts who reviewed the methodology.With communications severed, people coming and going constantly and memories blurred by trauma, an exact toll is impossible to determine.The government estimated early on that around 300 people died and has since opened a war crimes investigation, according to a document obtained by the AP.AP journalists arrived at a much higher number through the reconstruction of a 3D model of the building reviewed repeatedly by direct witnesses, most from within the theatre, who described in detail where people were sheltering.All said at least 100 people were at a field kitchen just outside, and none survived.They also said the rooms and hallways inside the building were packed, with about one person for every three square metres of free space.Many survivors estimated around 1,000 people were inside at the time of the airstrike, but the most anyone saw escape, including rescuers, was around 200.The survivors primarily left through the main exit or one side entrance; the other side and the back were crushed.The AP investigation also refutes Russian claims that the theatre was demolished by Ukrainian forces or served as a Ukrainian military base.None of the witnesses saw Ukrainian soldiers operating inside the building.And not one person doubted that the theatre was destroyed in a Russian air attack aimed with precision at a civilian target everyone knew was the city’s largest bomb shelter, with children in it.But the questions remain: how many bodies are there and what happened to them?A police officer who passed the theatre a week after the airstrike said the smell of death was overpowering.He spoke on the condition of anonymity because he still has relatives in Russia-controlled territory.Video taken by Russian state media shows no bodies inside, contrary to the descriptions of multiple witnesses.The lack of bodies led the police officer and a Mariupol Red Cross official to speculate that perhaps fewer than 500 people died, but most survivors suggested the bodies were either pulverised into the dust or removed by the Russians.With the site off-limits to investigators and the rubble itself taken away, witness testimony and photos and video of the theatre before and after it was bombed will be crucial, said Clint Williamson, who served as US ambassador-at-large for war crimes issues from 2006 to 2009.“Without being able to get to the scene, it is going to be difficult to go much beyond that,” he said.The Organisation for Security and Co-operation in Europe has declared the attack on the Mariupol drama theatre an “egregious violation” of international humanitarian law.The organisation’s mid-April report found that “those who ordered or executed it committed a war crime”.It also found no dispute that the destruction of the theatre was deliberate.This finding was echoed by two munitions experts interviewed by the AP, who said the scope of the destruction points to a 500kg bomb from a Russian warplane.“It’s much too much for an artillery shell,” said Mark Cancian, an explosives analyst at the Centre for Strategic and International Studies and a former artillery officer.“The fact that it hit square on would lead me to believe that’s what they were aiming at.”Russian troops want to take over Mariupol because of its strategic value as a port and a link between territories in the south and east held by Russia-friendly forces.Moscow has declared victory but Ukraine refuses to acknowledge defeat.",
    "intent": "BombBlast"
  },
  {
    "text": "What should have been one of the best nights of their young lives quickly transformed into the worst when terrorist Salman Abedi, 22, detonated a suicide bomb in the City Room foyer area of the arena following the US superstar's concert.I was about to turn 18 and my friends were going out and having fun, but I couldn’t because I was in a wheelchair and trying to learn to walk.",
    "intent": "BombBlast"
  },
  {
    "text": "In attendance were survivors and family members of victims of the bombings, representatives of the Muslim, Hindu and Buddhist communities, and thousands of Sri Lankans who live in Rome and other parts of Italy.“We want a transparent investigation” and the assistance of the international community in the quest for answers, he said, citing allegations the terrorists had the support of former government leaders and authorities.",
    "intent": "BombBlast"
  },
  {
    "text": "The blood of the Chinese people should not be shed in vain, and those behind this incident will surely pay the price,” the ministry said in a statement.In 2020, at least five people died when the Pakistan Stock Exchange in Karachi was targeted in an attack claimed by the BLA, which described its actions as “retaliation” against “Chinese exploitative plans in Balochistan.” In 2018, the BLA claimed another attack in which gunmen tried to storm the Chinese consulate in Karachi, killing four people.",
    "intent": "BombBlast"
  },
  {
    "text": "Much remains unknown concerning the blast at The Hotel Saratoga, including what caused the explosion and if there are any casualties inside the building.The building the hotel is now in was constructed in 1880 as warehouses before being converted in 1933 to a hotel.",
    "intent": "BombBlast"
  },
  {
    "text": "It is a tragic accident,” president Miguel Diaz-Canel, who visited the site, said in a tweet.The blast sent smoke billowing into the air around the hotel with people on the street staring in horror and cars honking their horns as they sped away from the scene, video showed.The blast came as Cuba struggles to revive its key tourism sector, which was devastated by the coronavirus pandemic.Cuba’s national health minister, Jose Angel Portal, told The Associated Press that hospitals had received about 40 injured people, but said the number could rise as the search continues for people who may be trapped in the rubble of the 19th century building in the Old Havana neighbourhood.Granma reported that officials said 13 people were missing.Tourism had started to revive early this year, but the war in Ukraine cut the number of Russian visitors, who accounted for almost a third of the tourists arriving in Cuba last year.The explosion happened as Cuba’s government hosted the final day of a tourism convention in the beach town of Varadero aimed at drawing investors.Mayiee Perez said she went to the hotel after receiving a call from her husband, Daniel Serra, who works at a foreign exchange shop inside the hotel.She said he told her “I am fine, I am fine, they got us out”, but she was unable to reach him after that.",
    "intent": "BombBlast"
  },
  {
    "text": "The blast sent smoke billowing into the air around the hotel with people on the street staring in awe, one saying “Oh my God,” and cars honking their horns as they sped away from the scene, videos showed.José Ángel Portal, Cuba’s national health minister, said the number of injured could rise as the search continues for people who may be trapped in the rubble of the 19th century structure in the Old Havana neighborhood of the city.",
    "intent": "BombBlast"
  },
  {
    "text": "Of those, 11 were killed, 13 remained missing and six were were in hospital.The cause of the blast was still under investigation, but a large crane hoisted a charred gas tanker from the hotel’s rubble early Saturday.Search and rescue teams worked through the night and into Saturday, using ladders to descend through the rubble and twisted metal into the hotel’s basement as heavy machinery gingerly moved away piles of the building’s facade to allow access.Above, chunks of drywall dangled from wires, desks sat seemingly undisturbed inches from the void where the front of the building cleaved away.At least one survivor was found early Saturday in the shattered ruins, and rescuers using search dogs clambered over huge chunks of concrete looking for more.Even before the coronavirus pandemic kept tourists away from Cuba, the country was struggling with tightened sanctions imposed by former US president Donald Trump and kept in place the Joe Biden administration.Those limited visits by US tourists to the islands and restricted remittances from Cubans in the US to their families in Cuba.Dr Julio Guerra Izquierdo, chief of hospital services at the ministry of health, said at least 74 people had been injured.Among them were 14 children, according to a tweet from the office of president Miguel Díaz-Canel.The hotel was renovated in 2005 as part of the Cuban government’s revival of Old Havana and is owned by the Cuban military’s tourism business arm, Grupo de Turismo Gaviota SA.In the past, the Hotel Saratoga has been used by visiting VIPs and political figures, including high-ranking US government delegations.",
    "intent": "BombBlast"
  },
  {
    "text": " Cuban President President Miguel Diaz-Canel visited the site of the explosion on Friday and Hermanos Ameijeras hospital, where a number of victims were sent to, according to images shared by the Presidential Office on Twitter.The hotel was built at the end of the 19th century and, by the 1930s, it was one of the most important hotels in the city.",
    "intent": "BombBlast"
  },
  {
    "text": "The bombing at the University of Karachi also wounded a fourth Chinese national, as well as a Pakistani guard accompanying the van, according to university spokesman Mohammad Farooq.The Baluchistan Liberation Army, a militant group in nearby Baluchistan province, has targeted Chinese nationals in attacks in the past.",
    "intent": "BombBlast"
  },
  {
    "text": " The Chinese embassy and consulate in Pakistan strongly condemn this terrorist act, express deep condolences to the victims of the two countries and sincere condolences to the injured and their relatives, and will make every effort to deal with the incident along with the Pakistani side,” a statement on the embassy website said.Hours after the bombing, the U.S. Consulate in the port city of Karachi on Twitter condemned the attack, saying: “This cowardly act stands in direct contrast to the peaceful spirit of Ramadan, and we offer our deepest condolences to the victims and their families and those who lost their loved ones.” Pakistan’s Prime Minister Shahbaz Sharif condemned the attack calling it “heinous” saying “the perpetrators will surely be brought to justice.” He also visited the Chinese Embassy along with Interior Minister Rana Sanaullah in Islamabad to convey his condolences to Beijing over the killing of the Chinese in Karachi.",
    "intent": "BombBlast"
  },
  {
    "text": "Valentin Castaneda, 25, was taken into custody on suspicion of possessing a destructive device near a church and on public streets, possessing material with intent to make explosives, exploding a device with intent to terrify, felony evading and child endangerment, said Lt. David Buether of the San Diego County Sheriff‘s bomb/arson unit.Deputies responded to three locations in three hours Wednesday following reports of explosions at the following time and locations: 11:30 a.m. in the 900 block of East Vista Way1:24 p.m. in the 100 block of East Drive2:41 p.m. in the 400 block of East Drive A citizen who shared surveillance video from a security camera with sheriff’s detectives helped identify a black car seen in one of the locations of the blast, Buether said.",
    "intent": "BombBlast"
  },
  {
    "text": "But I would never, ever have guessed [Teddy] was capable of the vicious crimes he committed.” From 1978 to 1985, Kaczynski sent explosive packages to professors at Northwestern and Vanderbilt, the University of Utah, and UC Berkeley, not to mention targeting American flight 444 and the airline’s president.“There was now a madman in my woods.” While the Unabomber was the subject of the FBI’s longest and most-expensive investigation, he was the one who outed himself as the culprit.",
    "intent": "BombBlast"
  },
  {
    "text": "A bomb blast by Somalia's Islamic extremist rebels hit a popular seaside restaurant in Somalia's capital, Mogadishu, killing at least six people, ambulance service officials say.Those killed were mostly civilians and seven other people were wounded, the director of Aamin Ambulance Service, Abdulkadir Adan told The Associated Press by phone.",
    "intent": "BombBlast"
  },
  {
    "text": "MOGADISHU, Somalia -- A bomb blast by Somalia's Islamic extremist rebels hit a popular seaside restaurant in Somalia's capital, Mogadishu, killing at least six people, ambulance service officials say.Those killed were mostly civilians and seven other people were wounded, the director of Aamin Ambulance Service, Abdulkadir Adan told The Associated Press by phone.",
    "intent": "BombBlast"
  },
  {
    "text": "The separatist Baloch Liberation Army (BLA) said it attacked the vehicle carrying the Chinese staff, and that the suicide bomber had been a woman.The BLA released a photo of a woman in fatigues raising two fingers in salute who it said had carried out the attack, and named her as Shari Baloch alias Bramsh.",
    "intent": "BombBlast"
  },
  {
    "text": "A cloud of toxic radioactive particles from the bomb will be uplifted during the blast and deposited by the wind, contaminating everything in its path.You should also remove any contaminated clothes and wipe down unprotected skin if you were outside after the fallout arrived.",
    "intent": "BombBlast"
  },
  {
    "text": "Police are yet to reveal the nature of the device or where on the road the blast happened.Detective Inspector Sarah Bell, of GMP's Bolton CID, said: The EOD attended and made the device safe but confirmed it was a viable device.",
    "intent": "BombBlast"
  },
  {
    "text": "The blast brought down the building which caught fire and it took firefighters three hours to extinguish the blaze, according to the governor, writing on Telegram.Much of Luhansk, which along with Donetsk forms part of the Donbas region, has been under the control of the separatists for the past eight years.",
    "intent": "BombBlast"
  },
  {
    "text": "Around 90 people – the entire population of the surrounding village of Bilohorivka – had been sheltering in the basement of the building when the strike hit, according to officials.Fires tore through the rubble after the building partially collapsed in the blast (Picture: Reuters) It took emergency workers four hours to get the fire under control (Picture: Reuters) Rescue efforts were ramped up afterwards but only 30 people could initially be saved (Picture: Reuters) Further civilian deaths were reported after a missile attack on a residential area in the government-held town of Bakhmut.",
    "intent": "BombBlast"
  },
  {
    "text": "The bomb’s dropped from the drone as the third Russian runs around the back of the car and it reverse slightly, perfectly positioning itself so the bomb falls through the sunroof.At the beginning of the invasion in February the tiny Black Sea Snake Island hit the headlines when 13 Ukrainians told a Russian warship to “go f*** yourself”.",
    "intent": "BombBlast"
  },
  {
    "text": "But on the fifth anniversary of the suicide bombing which claimed 22 lives and injured hundreds more, she is determined to be a force for good in this world and to repay the kindness and support she has been shown ever since.Eve's photograph, taken as she emerged from a police cordon in the aftermath of the bomb, became one of the defining images of the atrocity, capturing the horror of what had happened at the end of Ariana Grande's concert.",
    "intent": "BombBlast"
  },
  {
    "text": "A number of high profile people - including the Somali police commissioner - are reported to have been at the venue at the time, but there is no indication they were among the injured.On 24 March, a female member of the Somali federal parliament was among more than 30 people who were killed in two suicide bombings in Beledweyne town, in central Somalia.",
    "intent": "BombBlast"
  },
  {
    "text": " The blasts targeted two separate vehicles in Mazar-e-Sharif, the capital of Balkh province, according to Mohammad Asif Waziri, the spokesman.Residents in the area said members of the Shiite minority Hazara ethnic group appeared to be the target.",
    "intent": "BombBlast"
  },
  {
    "text": "The power outages come before the Eid al-Fitr holiday which marks the end of the holy month of Ramadan.The group has claimed responsibility for several deadly attacks targeting the minority Shia and Sufi communities in the last two weeks, killing dozens of civilians.",
    "intent": "BombBlast"
  },
  {
    "text": "Video of the explosion shared to the social media platform shows a huge explosion illuminating the night sky in the distance of the scene being filmed.It comes as a blame game plays out in the halls of the Kremlin - with many powerful figures placing the responsibility for the humiliating blunders squarely in the hands of the despot.",
    "intent": "BombBlast"
  },
  {
    "text": "In the late morning of March 6, 1970, five members of the Weather Underground — a radical leftist group and a violent faction of the Students for a Democratic Society that sought to combat racism and US imperialism — accidentally detonated a bomb in the basement of the 1840s-built residence, due to a mistake with an electrical attachment.In June 1970, the architect Hugh Hardy, who died in 2017, and the Steuben Glass executive Francis Mason, spent $80,000 to buy the lot — which had beams running across it to support the neighboring townhouses — from the Wilkersons.",
    "intent": "BombBlast"
  },
  {
    "text": "Get all the big headlines, pictures, analysis, opinion and video on the stories that matter to you by following The Mirror every time you see our name.Follow The Mirror on Google News - CLICK HERE and click the star Follow The Mirror on Apple News - CLICK HERE available on Apple devices Follow The Mirror on Flipboard - CLICK HERE and click follow You can sign up for Twitter alerts for breaking news here @MirrorBreaking_ and follow us @DailyMirror , for all the latest updates.",
    "intent": "BombBlast"
  },
  {
    "text": "Eight people have been killed and 19 injured when a powerful explosion tore the façade from a hotel in the Cuban capital, sending plumes of dust into the air and leaving rubble strewn across the street in the historic centre of Havana.“And with the problems in the economy and the state of the country – it’s just one thing after another.” The 96-room neo-classical-style hotel was remodeled by a British company after the fall of the Soviet Union and was considered the place to go for visiting government officials and celebrities for many years.",
    "intent": "BombBlast"
  },
  {
    "text": "I would sometimes pretend that I wasn't hungry and take even less food, so I could give some more to my father and my mother,' Anna told me yesterday at the hotel she is staying at in the town of Zaporizhzhia – 140 miles from the hellhole she lived in for eight long weeks.Anna lights up as she describes the joy of feeling the wind in her hair and the warmth of the sun on her skin for the first time after two months entombed underground.",
    "intent": "Miscellaneous"
  },
  {
    "text": "While he says he has been all over Ukraine - north, east, south-east, west - Prof Nott does not want to talk about the specific hospitals or areas he has visited for fear that Russian forces will target them - and for the same reason, the BBC is not using Oleksandr's full name or location.For Oleksandr's part, he says it was important to have the advice of someone with practical experience of the operation: It's a relief to us when he tells us it will be OK. He is full of praise for Prof Nott, who he says has showed us ordinary doctors how to fight on the medical frontline",
    "intent": "Miscellaneous"
  },
  {
    "text": "State TV said the blast was not a terrorist attack, adding that the hotel was closed and only workers were inside at the time of the explosion citing Roberto Enrique Calzadilla, a representative of the military-run company that operates many of the country's hotels.The workers were... making repairs and doing all the work to open the property and in the morning they were resupplying the gas and it seems some accident caused an explosion, he said.",
    "intent": "Miscellaneous"
  },
  {
    "text": "The Workhorsemen, Ryan Nemeth vs. John Silver, Ricky Starks and Powerhouse Hobbs vs. Terry Yaki and Jay Lucas, Lord Crewe vs. Shawn Spears, Jacey Love vs. Julia Hart, Invicitus Khash vs. Dante Martin – Pro Wrestling Dot Net Poll reveals US supreme court’s abortion position is vastly at odds with public opinion – live 6 mins ago Poll reveals US supreme court’s abortion position is vastly at odds with public opinion – live Westwood seeking release for Saudi-backed event 7 mins ago Westwood seeking release for Saudi-backed event Volkswagen is prolonging its use of coal due to Russian energy ‘threat’ 8 mins ago Volkswagen is prolonging its use of coal due to Russian energy ‘threat’ LAPD officers clash with protesters after leaked Roe v. Wade opinion 9 mins ago LAPD officers clash with protesters after leaked Roe v. Wade opinion ‘Dead to Me’ Is Officially Returning for a Third (and Final) Season 11 mins ago ‘Dead to Me’ Is Officially Returning for a Third (and Final) Season Popular Posts 1 hour ago Oklahoma governor signs Texas-style abortion bill into law 2 hours ago Democrats are preparing to take Roe to the voters 3 hours ago ‘How Dare They’: Harris, Abrams, Schumer Blast GOP After Roe Draft Leaks 4 hours ago Overnight, Midterms Get a White-Hot New Focus: Abortion 4 hours ago Former top Mossad officer on Israel’s security challenges – “Intelligence Matters” 5 hours ago How anti-abortion activists may have won the Supreme Court 6 hours ago 6 takeaways from Ohio and Indiana primaries 6 hours ago Protests Erupt Nationwide To Support Abortion Rights After SCOTUS Draft Leak Recent Posts 8 mins ago Volkswagen is prolonging its use of coal due to Russian energy ‘threat’ 9 mins ago LAPD officers clash with protesters after leaked Roe v. Wade opinion 12 mins ago ‘Dead to Me’ Is Officially Returning for a Third (and Final) Season 26 mins ago Preparation, communication are keys to living with a renovation 38 mins ago Female Birds Sing, Too Search Latest News Search for: More Updates for Breaking News (15146) breaking news headlines (11369) breaking news now (11542) coronavirus (9784) covid-19 (9917) latest sports news (8774) latest sports news today (8672) national sports news (8762) News (11616) sport news today (8660) sports breaking news (8784) sports news articles (8726) the news (11188) UK news (6805) World news (19114) world news era (11836) worldnewsera (16909) world news now worldnewsera (8682) Posts By Date May 2022 M T W T F S S 1 2 3 4 5 6 7 8 9 10 11 12 13 14 15 16 17 18 19 20 21 22 23 24 25 26 27 28 29 30 31 « Apr Featured 22 seconds ago Coaching Watch: 10 Potential Candidates for NHL Teams 1 min ago Real Madrid vs. Manchester City Champions League bold predictions: Pep Guardiola’s side slows Karim Benzema 2 mins ago 5/3 AEW Dark results: Starr’s review of Toni Storm vs. Diamante, Tony Nese vs. Leon Ruffin, Angelico vs. Yuya Uemura, Varsity Blonds vs.The Workhorsemen, Ryan Nemeth vs. John Silver, Ricky Starks and Powerhouse Hobbs vs. Terry Yaki and Jay Lucas, Lord Crewe vs. Shawn Spears, Jacey Love vs. Julia Hart, Invicitus Khash vs. Dante Martin – Pro Wrestling Dot Net 7 mins ago Poll reveals US supreme court’s abortion position is vastly at odds with public opinion – live 7 mins ago Westwood seeking release for Saudi-backed event 8 mins ago Volkswagen is prolonging its use of coal due to Russian energy ‘threat’ 9 mins ago LAPD officers clash with protesters after leaked Roe v. Wade opinion 12 mins ago ‘Dead to Me’ Is Officially Returning for a Third (and Final) Season 12 mins ago Female Filmmakers in Focus: Mira Nair on Mississippi Masala | Interviews 13 mins ago Kim Kardashian had lock of Marilyn Monroe’s hair before donning Met Gala dress 16 mins ago ‘Moon Knight’ Finale: Marc Races to Save Steven… and the World (RECAP) 16 mins ago Madonna to Celebrate Five Decades of Club Dominance With ‘Finally Enough Love’ Comp 18 mins ago Abortion Is a Business Issue 20 mins ago JioGames announces Chhota Bheem mobile game for Android 22 mins ago LIC IPO: Policyholders’ portion oversubscribed; overall subscription at 0.66% on day 1 24 mins ago If Biden Cancels Student Loans, He Must Address These 5 Things 25 mins ago Duct taped passenger who assaulted flight attendants on plane from Philly sentenced to jail 26 mins ago Preparation, communication are keys to living with a renovation 27 mins ago Industry 4.0 innovation needed with shift from crisis management to innovation | Automotive World 28 mins ago Sentry, an application performance monitoring service used by Microsoft, Slack, and others, raises a $90M Series E led by Bond and Accel at a $3B+ valuation (Paul Sawers/VentureBeat) Categories News 58,074 Entrepreneurs 6,061 United Kingdom 4,398 U.S. News 4,390 Finance 9,448 Banking 2,387 Stock Market 2,121 Personal Finance 630 Entertainment 13,747 Celebrity News 3,793 TV News 3,330 Music News 2,194 Movie Reviews 257 Canada 3,868 Politics 2,663 Europe 1,968 Tech Tips 1,801 CoronaVirus 1,149 Science 950 Education 906 Career and Jobs 902 Editorial 841 Startups 405 Health 24 Fitness 1 Video Games 6 Product Reviews 5 Sports 11,598 NBA 2,525 NHL 2,195 WWE 1,917 Soccer 928 NFL 301 MLB 24 Automobile 2,745 Cars & Trucks 2 Bikes 4 Food & Drinks 690 Lifestyle 1,680 Books 993 Fashion 302 © Copyright 2022, All Rights Reserved | World News Era Contact Us Advertise with us Sitemap Terms and Service About Us Authors FacebookTwitterRedditWhatsAppTelegramViber Back to top button Close Search for: Close Search for Close Search for",
    "intent": "Miscellaneous"
  },
  {
    "text": "The 34-year-old sent online threats to the company based in Springfield, Massachusetts, over entries such as “girl” and “woman“, the US Attorney’s Office for the District of Massachusetts said in a statement Friday (22 April).“It is sickening that you have caved to the cultural Marxist, anti-science t****y agenda and altered the definition of ‘female’ as part of the Left’s efforts to corrupt and degrade the English language and deny reality.",
    "intent": "Miscellaneous"
  },
  {
    "text": "WO Phillips, who lost an arm in the incident and received the Distinguished Service Cross, was in attendance at the service along with Vice Lord Lieutenant of Dunbartonshire Linda Moffat, members of the Prescott family, and past and present Gentlemen of the Corp of Royal Engineers.The service was blessed by Padre Duncan Weaver from the Veterans Chaplaincy Scotland, and the 7th Battalion of The Royal Regiment of Scotland (7 Scots) provided the piper, Corporal Kellett and bugler, Warrant Officer (band master) Brill.",
    "intent": "Miscellaneous"
  },
  {
    "text": "There's a sort of zone that's about here, and... which is pretty hopeless, no matter what, Wellerstein said as he pointed to a large section of midtown Manhattan in the simulation.When larger, more modern bombs were simulated, the website showed a single blast could cause heavy damage throughout the entire metropolitan region and kill millions.Winds can also carry radioactive particles even further.Office of Civil Defense teams also spent hundreds of millions of dollars building and stockpiling fallout shelters all across the U.S., but a visit to the basement of a public library in Passaic, New Jersey, reveals this threat has fallen into the very back of our minds.In a space that was designed to shelter up to 90 people, decades of dust has settled over the medicine and food which has long since expired in the basement.",
    "intent": "Miscellaneous"
  },
  {
    "text": "The Peacock network published a story Thursday headlined, Analysis of Hunter Biden's hard drive shows he, his firm took in about $11 million from 2013 to 2018, spent it fast, citing documents showing the fortune he made while working for the Ukrainian energy company Burisma, as well as through his business ties to a Chinese energy company.NBC News obtained a copy of Biden’s laptop hard drive from a representative of Rudy Giuliani and examined Biden’s business dealings from 2013 to 2018 based on the information available on the hard drive and the scope of the documents released by the Senate, the report stated.",
    "intent": "Miscellaneous"
  },
  {
    "text": "Eventually I went numb to it all because I was falling asleep from the shock.” Catherine suffered shrapnel wounds down her right side, broke a leg and lost the hearing in her right ear, and needed months of treatment.I was about to turn 18 and my friends were going out and having fun, but I couldn’t because I was in a wheelchair and trying to learn to walk.",
    "intent": "Miscellaneous"
  },
  {
    "text": "Vincent Browne as well as former Going For Gold host Henry Kelly were approached by the Coroner’s Service to give evidence to an inquest into the death of John Moran.Mr Browne and Mr Kelly were newspaper reporters in Northern Ireland at the height of the Troubles in the early 1970s.They both went on to forge successful broadcasting careers, Mr Kelly as the host of 1980s BBC gameshow Going For Gold and Mr Browne as a politics and current affairs presenter on Irish outlets such as RTE and TV3.They have been identified as potential civilian witnesses in a fresh inquest for Mr Moran, who died following a gun and bomb attack at Kelly’s Bar on the Whiterock Road in Belfast in 1972.The pub was packed with people watching a televised football match between England and West Germany on May 13 when a car bomb exploded.Mr Moran, 19, was working as a barman and died 10 days later of injuries sustained in the explosion.Another man, Thomas McIlroy, died in a shooting after the bombing, while a third victim, Gerard Clarke, died of his injuries 17 years later.A preliminary hearing at Belfast Coroner’s Court was told on Thursday that Mr Kelly’s wife had indicated he has no recollection of the incident and is unable to assist.Coroner Joe McCrisken said further tentative inquiries would take place to assess the position.The hearing was told that Mr Browne did recall the incident, and is to give a statement.Meanwhile Coroner McCrisken made a court order that a section of material from the Ministry of Defence that is being redacted be made available to interested parties by 5pm on Friday.Fiona Doherty, counsel for the Moran family, said she had expressed her concern on numerous occasions at successive preliminary hearings about the pace of disclosure.“It really isn’t good enough respectfully that almost a week before this inquest starts we still have a significant tranche of material which hasn’t been disclosed, I’d be concerned if your ruling just made isn’t adhered to,” she said.Mr McCrisken responded: “Yes, you and I both.”The inquest for Mr Moran is due to begin on May 24 at Banbridge court house.",
    "intent": "Miscellaneous"
  },
  {
    "text": "They cannot be used against military targets in a way that may endanger the civilian population or in a way that the damage they would cause would be excessive to the military advantage gained or where they would cause unnecessary suffering,’ the UK’s Ministry of Defence said.To view this video please enable JavaScript, and consider upgrading to a web browser that supports HTML5 video Thermobaric missiles create a vacuum that sucks in oxygen and is powerful enough to suck the air out of people’s lungs (Picture: Rob Lee/@RALee85) Troops from the far-right Azov Battalion and Ukrainian marines had fiercely stood their ground against Russian attacks for nearly three months.",
    "intent": "Miscellaneous"
  },
  {
    "text": "They both went on to forge successful broadcasting careers, Mr Kelly as the host of 1980s BBC gameshow Going For Gold and Mr Browne as a politics and current affairs presenter on Irish outlets such as RTE and TV3.They have been identified as potential civilian witnesses in a fresh inquest for Mr Moran, who died following a gun and bomb attack at Kelly’s Bar on the Whiterock Road in Belfast in 1972.",
    "intent": "Miscellaneous"
  },
  {
    "text": "I am grateful for the outlook I have in life as I had to learn at 14 years old that you really only do live once.I'm definitely on my way to healing and I think I still keep the memory of her alive in everything I do.",
    "intent": "Miscellaneous"
  },
  {
    "text": "A similar example is the “Above the Rim” soundtrack that includes SWV’s hit “Anything” in addition to “Regulate.” That’s a far cry from the synergy of the soundtrack for “Love Jones,” with Maxwell’s “Sumthin’ Sumthin’” and Dionne Farris’ sultry single “Hopeless.” Or the “Boomerang” soundtrack, with Babyface’s “Give U My Heart” and the aforementioned Braxton jam — or Brandy’s “Sittin’ Up in My Room” and Mary J. Blige’s “Not Gon’ Cry” from the “Waiting to Exhale” soundtrack.“It was kind of a cross-pollination of Black labels really coming to the fore, Black filmmakers coming to the fore and hip-hop coming to the fore,” Williams added, “in a way that all these things connected at the same time.” Films and soundtracks by white artists, on the other hand, obviously didn’t have something like a long history of social and artistic oppression as a driving force of their success.",
    "intent": "Miscellaneous"
  },
  {
    "text": "What’s behind this outspoken move and what can it actually accomplish?” To find out more, I asked Martin Hala, an expert at Charles University in Prague and the director of Sinopsis, a project that tracks China in Europe: “In the last decade, the Czech Republic has experienced close and instructive encounters with China’s external influence machinery and an understanding has emerged that Chinese and Russian interests in the country -- and in Central and Eastern Europe -- are closely intertwined and are often advanced by the very same co-opted domestic actors.And of the 10 countries where Uyghurs, as well as ethnic Kazakhs, Kyrgyz, and other groups remain most vulnerable to detention or extradition, China is the largest financial creditor for five of them: Pakistan, Kyrgyzstan, Tajikistan, Cambodia, and Burma, leading to deals where Jardine said local leaders “trade human rights for economic opportunity.” Beijing launched a brutal crackdown that has swept more than 1 million Uyghurs, Kazakhs, and other Muslim minorities into detention camps and prisons in its western Xinjiang Province and extended the effort abroad to intimate those who fled repression into silence or extradite them back to China.",
    "intent": "Miscellaneous"
  },
  {
    "text": "A video of Representative Tom Rice, a South Carolina Republican, blasting former President Donald Trump's incitement of violence on January 6, 2021 during a Thursday GOP primary debate has gone viral, garnering hundreds of thousands of views.Rice, who is facing off against a Trump-endorsed opponent, was one of the 10 House Republicans to join Democrats to impeach the then-president for inciting his supporters to attack the federal legislative branch of government 16 months ago in an apparent effort to disrupt the formal certification of President Joe Biden's Electoral College victory.Congressman Tom Rice of South Carolina, the coward who abandoned his constituents by caving to Nancy Pelosi and the Radical Left, and who actually voted against me on Impeachment Hoax #2, must be thrown out of office ASAP, Trump said in a February 1 statement.Rice told NPR in an interview days later: If we are going to have a scenario where the president can try to intimidate Congress into doing what he wants, well shoot, we might as well have a monarchy.",
    "intent": "Miscellaneous"
  },
  {
    "text": "The cool thing is that it turns out the coral can make alliances with several different kinds of algae, and what the scientists are finding is that after bleaching sometimes a different species of algae will colonize the coral.It's right in the middle of the coral triangle, which is the place of the highest diversity of coral in the world.",
    "intent": "Miscellaneous"
  },
  {
    "text": "It’s rendered a 170-bed hospital completely inoperable.”UK-Med has just received £600,000 from the UK Government to provide humanitarian support to Ukraine.Mr Anderson, who has been in Ukraine since March 14, has worked on humanitarian missions in crisis-hit countries including South Sudan and Myanmar, and was in Beirut in the aftermath of the explosion at the port in 2020.However, he has been shocked by the extent of what he has encountered in Ukraine.He said: “I’ve been in a couple of war zones before – but not on this scale.“I don’t think you ever get used to going into conflict zones.People are going on stag or hen weekends to Bucharest or Warsaw or booking holidays to the Balkans or Turkey and just a couple of hundred miles away you have this terrible thing unfolding.”As UK-Med’s Humanitarian Health adviser, Mr Anderson is playing a crucial role helping to deliver UK aid on the ground.UK-Med, is receiving funding – worth up to £300,000 – from the Foreign, Commonwealth and Development Office (FCDO) to help train Ukrainian doctors, nurses and paramedics on how to deal with mass casualties.They have also set up mobile health clinics that are supporting the most vulnerable civilians remaining in Ukraine, including the elderly and young children.The UK is donating a further £300,000 worth of medicines and pharmaceutical supplies to UK-Med – enough to support a hospital for up to six weeks.UK Foreign Secretary Liz Truss said: “The Kremlin continues to lie about deliberate attacks on Ukraine’s hospitals and the indiscriminate targeting of civilians.Now our vital humanitarian support will help save lives and deliver medical expertise to the frontline.",
    "intent": "Miscellaneous"
  },
  {
    "text": "Mr Anderson, who has been in Ukraine since March 14, has worked on humanitarian missions in crisis-hit countries including South Sudan and Myanmar, and was in Beirut in the aftermath of the explosion at the port in 2020.People are going on stag or hen weekends to Bucharest or Warsaw or booking holidays to the Balkans or Turkey and just a couple of hundred miles away you have this terrible thing unfolding.” As UK-Med’s Humanitarian Health adviser, Mr Anderson is playing a crucial role helping to deliver UK aid on the ground.",
    "intent": "Miscellaneous"
  }
]
