[
  {
    "text": "Baby Afraa was the only member of her immediate family to survive - her father, Abu Rudaina, and her four siblings died, along with her mother.When Afraa was in hospital, thousands of people around the world offered to adopt her, so Khalil and his wife Hala had to prove they really were related before they were allowed to take care of her.",
    "intent": "Earthquake"
  },
  {
    "text": "Eligibility for the Humanitarian Medal will be for those providing assistance on behalf of the UK government, but it will not be restricted to British nationals, says the Cabinet Office.The medal, with an image of the King on one side and the words 'for humanitarian service' on the other, will become immediately available, or at least as soon as support is sent to a disaster or catastrophe, whether in the UK or overseas.",
    "intent": "Earthquake"
  },
  {
    "text": "The BGS records and locates between 200 and 300 earthquakes in the UK each year with the majority only detected by sensitive instruments.The strongest UK earthquake recorded by the survey was a 6.1 magnitude tremor in the North Sea, about 75 miles from Great Yarmouth, in June 1931.",
    "intent": "Earthquake"
  },
  {
    "text": "The quake, believed to have been between magnitude 5.2 and 5.8 was felt from Rennes in the north-west to Bordeaux in the south-west.In La Laigne, the local fire service chief Didier Marcaillou warned the church had become 'completely unusable' and a top government regional official said that most of the houses in the town centre were affected.",
    "intent": "Earthquake"
  },
  {
    "text": "Even before the earthquake struck an estimated 15.3 million people inside Syria were in need of some form of humanitarian assistance - an all-time high since the war began.At a meeting of the foreign ministers of the 22 member states on Wednesday, Arab League Secretary General Ahmed Aboul Gheit declared that he hoped that 'Syria's regaining of its seat is a precursor to the end of its conflict'.",
    "intent": "Earthquake"
  },
  {
    "text": "Legislators demanded that Mr Higashitani fly to Tokyo to deliver an in-person apology in the chamber for his absence, but he failed to show up at the plenary session.Instead, he announced on his YouTube channel that he was going to Turkey - and that he was planning to donate his salary to the Turkish earthquake relief.",
    "intent": "Earthquake"
  },
  {
    "text": "The move has raised fears though that if accepted, it could allow for Syria to control the distribution of the aid.Although the Security Council decision means the UN must immediately stop aid deliveries through Bab al-Hawa, it will be able to continue until 13 August to use two additional border crossings that were opened with the consent of the Syrian government following the earthquake.",
    "intent": "Earthquake"
  },
  {
    "text": "The court heard Mr Ash went to Swansea Central Police Station the day before he was due before the city's magistrates on the indecent images and extreme pornography charges.He took a letter addressed to the 'Head of CID' calling for the charges to be dropped or he would 'create an earthquake' by publishing material of South Wales Police officers engaged in sexual acts via a ;trusted friend in the Press Association', prosecutors alleged.",
    "intent": "Earthquake"
  },
  {
    "text": "I think the earthquake will affect the outcome of the elections seriously, because people feel resentful to the government, if not the state, said Ezgi Karaher as she walked with her young daughter in the park.The president's AK Party, which has Islamist roots, is part of the People's Alliance with the nationalist MHP and two other parties, while Mr Kilicdaroglu's centre-left Republican People's Party is working with the nationalist Good Party and four smaller parties under the Nation Alliance.",
    "intent": "Earthquake"
  },
  {
    "text": "In the run-up to the polls, Turks have had much to complain - and grieve - about, from the state's slow response to February's earthquakes to an economy in ruins.'Despite all the difficulties - economic, social and resulting from the earthquake - he knows how to use politics, and all the instruments of the state for victory.;",
    "intent": "Earthquake"
  },
  {
    "text": "The president was addressing party loyalists in Istanbul, but the night before he was just outside the capital in a city of half a million people that seemed in full support of his AK Party.On the campaign trail in Ankara, centre-left candidate Aysun Palali Koktas said that while the economy and the aftermath of the earthquake were the top two issues of the election, the future of Turkey's democracy and people's rights were just as important.",
    "intent": "Earthquake"
  },
  {
    "text": "Since the earthquakes, nearly 2,000 unaccompanied children have been rescued from under the rubble and registered with the authorities, according to official figures provided by the Ministry of Family and Social Affairs.It was with tears of relief as much as sorrow that she learned that a DNA sample taken at the site matched a body that had been buried at the cemetery.",
    "intent": "Earthquake"
  },
  {
    "text": "The damage caused by the cyclone is forecast to cost NZD$13.5bn ($8.4bn; £6.9bn), similar to the financial impact of the Christchurch earthquake in 2011 - the costliest natural disaster in New Zealand's history.Speaking to the BBC, Mr Shaw said that while many homeowners have taken out a total replacement insurance policy, which compensates them if their house is destroyed or made uninhabitable, it only covers the cost of the property - not the value of the land it's built on.",
    "intent": "Earthquake"
  },
  {
    "text": "A German Shepherd puppy is on its way to Mexico from Turkey as a gesture of gratitude from the Turkish government for the help Mexico's search and rescue dogs lent after February's earthquake.Turkey said it hoped the puppy would 'carry on the legacy' of Proteo, a Mexican rescue dog which died during the search for survivors of the quake.",
    "intent": "Earthquake"
  },
  {
    "text": "If Kemal Kilicdaroglu and his allies win the presidency and parliament, she believes a return to orthodox economic policies and an independent central bank will lower inflation to 30% by the end of 2023 and it will continue to go down after that.More than than 80% of Turks want them to go home, and after the economy and the aftermath of the earthquake it is the most important issue for Turks, says Prof Murat Erdogan, who conducts a regular Syrians Barometer.",
    "intent": "Earthquake"
  },
  {
    "text": "In a post on the school's Facebook page on Wednesday, principal Karen Gilbert-Smith wrote: 'It is really important for me to let you know how devastated we are that one of our whānau [family] have lost a much loved, and treasured, son and brother.'In February, Cyclone Gabrielle ravaged New Zealand, leaving 11 people dead and a trail of devastation that Finance Minister Grant Robertson likened to the damage wrought by the Christchurch earthquake from 12 years ago.",
    "intent": "Earthquake"
  },
  {
    "text": "A dog has been found by a rescue team in Hatay, Turkey, 23 days after devastating earthquakes shook the region.More than 50,000 people were killed in southern Turkey and northern Syria and thousands more remain missing.",
    "intent": "Earthquake"
  },
  {
    "text": "A dog has been found by a rescue team in Hatay, Turkey, 23 days after devastating earthquakes shook the region.More than 50,000 people were killed in southern Turkey and northern Syria and thousands more remain missing.",
    "intent": "Earthquake"
  },
  {
    "text": "The largest earthquake ever recorded in the UK was in the North Sea on 7 June 1931, with a magnitude of 6.1.Other recent earthquakes in Wales were much smaller than Friday's - the BGS reported a tremor with a magnitude of 0.9 in Llwynmawr, near Chirk, Wrexham, on 4 February, one of 1.1 at Llandybie, Carmarthenshire, on 20 January and one with a magnitude of 2 at Llanbedr, Powys, on 27 December.",
    "intent": "Earthquake"
  },
  {
    "text": "More than 600 people are now being investigated in Turkey over buildings that collapsed in the deadly earthquake on 6 February, the government has said.With elections on the horizon, Mr Erdogan's future is on the line after 20 years in power - and his pleas for national unity have gone unheeded.",
    "intent": "Earthquake"
  },
  {
    "text": "On the night of the earthquake, Mr Koçer - who is Kurdish and contributes to pro-opposition news sites such as Bianet and Duvar - was smoking on his balcony in the south-eastern city of Diyarbakir, when his two dogs suddenly started barking.Mr Koçer says that while he was reporting from the region hit by the earthquake, Diyarbakir police left a note at his apartment, instructing him to visit the police station and give a statement.",
    "intent": "Earthquake"
  },
  {
    "text": "A baby born under the rubble of a collapsed building in Syria, and the only member of her immediate family to survive a massive earthquake, has been adopted by her aunt and uncle.'She'll be a memory for me, for her aunt and for all of our relatives in the village of her mother and father.' ",
    "intent": "Earthquake"
  },
  {
    "text": "An AFP journalist reported on scenes of panic in Antakya - which was already devastated by the previous earthquake - with the latest tremors raising clouds of dust in the city.Antakya, the capital of Turkey's Hatay Province, was one of the places hit most severely by the earthquake on 6 February.",
    "intent": "Earthquake"
  },
  {
    "text": "New Zealand spent NZ$13bn ($8.1bn; £6.7bn) to rebuild from the powerful earthquake in the South Island in 2011 that levelled much of the Christchurch city centre and left 185 people dead and thousands homeless.This is only the third time in New Zealand's history that the country has issued a national emergency declaration to speed up rescue and relief efforts - the last time was in the aftermath of the Christchurch earthquake.",
    "intent": "Earthquake"
  },
  {
    "text": "Turkey has ended rescue efforts in all but two provinces, almost two weeks after a massive earthquake killed tens of thousands of people, the country's disaster agency said.The death toll is expected to climb, with about 345,000 apartments in Turkey known to have been destroyed and many people still missing.",
    "intent": "Earthquake"
  },
  {
    "text": "Volunteers in Turkey have placed red balloons on the rubble of destroyed buildings, to remember child victims of the recent earthquakes.Led by photographer Ogun Sever Okur, they climbed up the debris in Hatay and attached balloons to metal wires sticking out of the piles of debris.",
    "intent": "Earthquake"
  },
  {
    "text": "Part of the large area of north-western Syria affected by the earthquake is under the control of the Syrian government.The co-ordination of the rescue and aid operations has therefore been highly complex, involving multiple parties to the conflict, the countries supporting them and international humanitarian organisations.",
    "intent": "Earthquake"
  },
  {
    "text": "He has explained the history of Antakya to thousands of tourists, and this is his first time back into the city since the earthquake nearly two weeks ago.We park next to the region's government office, where the building's clock has stopped at 04:34, which was the time just a few minutes after the earthquake hit on the morning of 6 February.",
    "intent": "Earthquake"
  },
  {
    "text": "Some survivors of last week's earthquake are making the trip to the crossings in an attempt to reunite with family members back in Syria, some of whom they have not seen for years.In Syria, more than 5,800 people have died - the majority in the north-west, an area held by rebel insurgents who are at war with the government of President Bashar al-Assad.",
    "intent": "Earthquake"
  },
  {
    "text": "Hospitals in Aleppo do not have enough room for new patients in the wake of last week's devastating earthquake, a doctor in the Syrian city has told the BBC.However, even though exports of medical supplies to Syria are not specifically sanctioned, international and regional banks fearful of being punished by Western authorities have in the past been reluctant to approve the financial transactions needed by Syrians to purchase them.",
    "intent": "Earthquake"
  },
  {
    "text": "He turns it sideways, and with a flick of his wrist, a large chunk of plaster flies off the wall and crashes to the ground.Our building shook a lot during the 2019 earthquake, and the columns of the one across the street cracked.",
    "intent": "Earthquake"
  },
  {
    "text": "A football match in Istanbul between two Turkish teams, Beşiktaş and Antalyaspor, saw thousands of teddy bears thrown onto the pitch by fans.The soft toys will be given to children who survived the recent deadly earthquakes which shook southern Turkey and northern Syria.",
    "intent": "Earthquake"
  },
  {
    "text": "The region is the focus of considerable investment by the Chinese government, including construction of the high-speed Sichuan-Tibet railway,' said the report published in The Cryosphere.In addition to the rugged terrain, the railway will face other hazards such as avalanches, landslides and earthquakes,' You Yong, chief engineer of the institute of Mountain Hazards and Environment of the Chinese Academy of Sciences, told Xinhua News Agency.",
    "intent": "Earthquake"
  },
  {
    "text": "Last week, parliament had demanded Mr Higashitani fly to Tokyo to deliver an in-person apology in the chamber for his absence.Instead, he announced on his YouTube channel that he was going to Turkey - and that he was planning to donate his salary to the Turkish earthquake relief.",
    "intent": "Earthquake"
  },
  {
    "text": "But while President Recep Tayyip Erdogan has conceded that the emergency response to the disaster was slow in places, he has urged Turks not to listen to those whom he accuses of politicising a tragedy.The London-based Syrian Observatory for Human Rights reported on Friday that President Bashar al-Assad's forces had shelled the western town of Atareb and other quake-ravaged areas held by rebels, in the first fighting since the earthquake struck.",
    "intent": "Earthquake"
  },
  {
    "text": "The storm's damage has been most extensive in coastal communities on the far north and east coast of the North Island - with areas like Hawke's Bay, Coromandel and Northland among the worst hit.The country has only previously declared a national state of emergency on two occasions - during the start of the Covid-19 pandemic and following the 2011 Christchurch earthquake.",
    "intent": "Earthquake"
  },
  {
    "text": "The area around Yellowstone volcano has been hit by a 4.2 magnitude earthquake—the biggest to hit the region since 2017, when a 4.5 earthquake struck during a huge earthquake swarm at the national park.A statement from the University of Utah, which monitors seismic activity in the Yellowstone region, said the earthquake hit on May 11 at 8:35 a.m. local time.In April, the region was hit by 141 earthquakes, the largest of which being a magnitude 2.5 event on April 30.An annual report published by the U.S. Geological Survey (USGS) showed the total seismic activity at the park in 2021 included 2,773 earthquakes—1,000 more than how many hit the park in 2020.At time of writing, 42 people had reported they felt the 4.2 magnitude earthquake.",
    "intent": "Earthquake"
  },
  {
    "text": "Hypocenter depth recalculated from 22.0 to 20.0 km (from 13.7 to 12.4 mi).12 May 11:11: Magnitude recalculated from 5.2 to 5.3.12 May 13:24: Now using data updates from USGS Update Thu, 12 May 2022, 10:39 5.6 quake 12 May 3:27 pm (GMT +5) A shallow magnitude 5.6 earthquake was reported early afternoon near Boysun, Surxondaryo Region, Uzbekistan.According to the German Research Centre for Geosciences (GFZ), the quake hit on Thursday, May 12th, 2022, at 3:27 pm local time at a shallow depth of 10 km.Other agencies reporting the same quake include France's Réseau National de Surveillance Sismique (RéNaSS) at magnitude 5.9, and the European-Mediterranean Seismological Centre (EMSC) at magnitude 5.8.Generally quakes of this magnitude are recorded by more than one agency and the results can vary, with subsequent reports that come in after the first one often showing more accuracy.Based on the preliminary seismic data, the quake should have been widely felt by almost everyone in the area of the epicenter.",
    "intent": "Earthquake"
  },
  {
    "text": "The exact magnitude, epicenter, and depth of the quake might be revised within the next few hours or minutes as seismologists review data and refine their calculations, or as other agencies issue their report.Our monitoring service identified a second report from India's National Center for Seismology (NCS) which listed the quake at magnitude 5.3.Other agencies reporting the same quake include the citizen-seismograph network of RaspberryShake at magnitude 5.0, France's Réseau National de Surveillance Sismique (RéNaSS) at magnitude 5.2, and the European-Mediterranean Seismological Centre (EMSC) at magnitude 5.4.Generally quakes of this magnitude are recorded by more than one agency and the results can vary, with subsequent reports that come in after the first one often showing more accuracy.Based on the preliminary seismic data, the quake should not have caused any significant damage, but was probably felt by many people as light vibration in the area of the epicenter.",
    "intent": "Earthquake"
  },
  {
    "text": "While this is much higher than than the 1,722 quakes that were recorded in 2020, it is not significantly outside the historical average of about 1,500-2,500 earthquakes per year in and around Yellowstone National Park.Earthquakes have been monitored in the Yellowstone region since the 1970s, with a network of seismographs in the region—maintained by the University of Utah—monitoring activity.The Yellowstone region is one of the most seismically active areas in the United States.Four of the earthquakes that were reported during the year were felt, meaning people reported shaking.The largest event of the year was a magnitude-3.6 earthquake that occurred beneath Yellowstone Lake on July 16.Around 65 percent of the quakes occurred as part of 26 swarms—incidents in which many seismic events occur in the same small area over a relatively short period of time without an accompanying main shock.This type of seismic activity is common in the Yellowstone region and typically accounts for around half of all earthquakes there.",
    "intent": "Earthquake"
  },
  {
    "text": "Epicenter location corrected by 39 km (24 mi) towards SSW.4 May 06:36: Now using data updates from USGS Update Wed, 4 May 2022, 06:42 5.1 quake 4 May 5:19 pm (GMT +11) Papua New Guinea was shaken near Arawa, Bougainville, by an earthquake of magnitude 5.1 only 22 minutes ago, the United States Geological Survey reported.The quake hit at an intermediate depth of 71.5 km beneath the epicenter near Arawa, Bougainville, Papua New Guinea, in the afternoon on Wednesday, May 4th, 2022, at 5:19 pm local time.Other agencies reporting the same quake include the European-Mediterranean Seismological Centre (EMSC) at magnitude 5.1, the citizen-seismograph network of RaspberryShake at magnitude 5.1, the citizen-seismograph network of RaspberryShake at magnitude 5.1, and the German Research Centre for Geosciences (GFZ) at magnitude 5.1.Generally quakes of this magnitude are recorded by more than one agency and the results can vary, with subsequent reports that come in after the first one often showing more accuracy.Based on the preliminary seismic data, the quake should not have caused any significant damage, but was probably felt by many people as light vibration in the area of the epicenter.",
    "intent": "Earthquake"
  },
  {
    "text": "Nine of the confirmed fatalities were reported in the valley region of Khyber Pakhtunkhwa in Pakistan.In June last year more than 1,000 people were killed after a 5.9-magnitude quake struck Afghanistan's Paktika province, the country's deadliest in nearly a quarter of a century.",
    "intent": "Earthquake"
  },
  {
    "text": "I went out into the street because I saw people starting to run in panic, getting out of their cars, Magaly Escandon, a businessowner in Cuenca, told the AFP news agency.Officials in Peru say the quake was felt in northern regions of the country, but there were no immediate reports of casualties or damage",
    "intent": "Earthquake"
  },
  {
    "text": "Hypocenter depth recalculated from 22.0 to 20.0 km (from 13.7 to 12.4 mi).12 May 11:11: Magnitude recalculated from 5.2 to 5.3.12 May 13:24: Now using data updates from USGS Update Thu, 12 May 2022, 10:39 5.6 quake 12 May 3:27 pm (GMT +5) A shallow magnitude 5.6 earthquake was reported early afternoon near Boysun, Surxondaryo Region, Uzbekistan.According to the German Research Centre for Geosciences (GFZ), the quake hit on Thursday, May 12th, 2022, at 3:27 pm local time at a shallow depth of 10 km.Other agencies reporting the same quake include France's Réseau National de Surveillance Sismique (RéNaSS) at magnitude 5.9, and the European-Mediterranean Seismological Centre (EMSC) at magnitude 5.8.Generally quakes of this magnitude are recorded by more than one agency and the results can vary, with subsequent reports that come in after the first one often showing more accuracy.Based on the preliminary seismic data, the quake should have been widely felt by almost everyone in the area of the epicenter.",
    "intent": "Earthquake"
  },
  {
    "text": "The exact magnitude, epicenter, and depth of the quake might be revised within the next few hours or minutes as seismologists review data and refine their calculations, or as other agencies issue their report.Our monitoring service identified a second report from India's National Center for Seismology (NCS) which listed the quake at magnitude 5.3.Other agencies reporting the same quake include the citizen-seismograph network of RaspberryShake at magnitude 5.0, France's Réseau National de Surveillance Sismique (RéNaSS) at magnitude 5.2, and the European-Mediterranean Seismological Centre (EMSC) at magnitude 5.4.Generally quakes of this magnitude are recorded by more than one agency and the results can vary, with subsequent reports that come in after the first one often showing more accuracy.Based on the preliminary seismic data, the quake should not have caused any significant damage, but was probably felt by many people as light vibration in the area of the epicenter.",
    "intent": "Earthquake"
  },
  {
    "text": "Don Garber, commissioner of Major League Soccer, said someone of Messi's status choosing to play in the league was a transformational moment, and he hoped the signing would shout to the world that this is a soccer nation. Lionel Messi: Destiny - watch behind-the-scenes documentary on iPlayer 'A lot of naysayers and doubters, but Miami was able to make it happen' The arrival of Messi in the US has been met with feverish anticipation by the fans of Inter Miami, whoonly started playing in the Eastern Conference of the MLS in 2020.",
    "intent": "Miscellaneous"
  },
  {
    "text": " But in a document sent to the Security Council and seen by the AFP and Reuters news agencies, the UN's Office for the Coordination of Humanitarian Affairs (OCHA) said the proposal contains two unacceptable conditions.The OCHA also said Damascus also wanted the distribution of all aid in northwest Syria to be supervised and facilitated by the International Committee of the Red Cross (ICRC) and the Syrian Arab Red Crescent (SARC).",
    "intent": "Miscellaneous"
  },
  {
    "text": "China says it will maintain a ban on some Japanese food imports over the plan to release water from the wrecked Fukushima nuclear plant into the ocean.Storage space for the water is running out, but the plans initiated by the Japanese government and the facility's operator, Tepco, to release the water into the sea have encountered regional criticism - most harshly from China.",
    "intent": "Miscellaneous"
  },
  {
    "text": "A UN watchdog has said that Japan's plan to release waste water from the tsunami-wrecked Fukushima nuclear plant into the sea complies with international standards.In May, the agency said that national nuclear regulator Tokyo Electric Power (Tepco) had shown its ability to make accurate and precise measurements of the amount of radiation present in the treated water.",
    "intent": "Miscellaneous"
  },
  {
    "text": "The three dates, from 1 to 3 July, had been added to the end of the European leg of his Serious Moonlight tour, due to massive demand for tickets following the success of the Let's Dance album and its hit singles, including the title track.I decided I wanted to go on tour with David Bowie, I also wanted to tour with the Rolling Stones, because they were the biggest band and I wanted to tour with Queen, because they were great, and I ended up touring with them all.",
    "intent": "Miscellaneous"
  },
  {
    "text": "I followed his political career from the start - later as a journalist but firstly as a student - writing a university dissertation entitled Il cammino inarrestabile di Silvio Berlusconi - The unstoppable rise of Silvio Berlusconi after he won his first election back in 1994.That was a time of political deepening of the European project focused in Brussels, but Silvio Berlusconi pushed a more nationalist, Italy First type of narrative.",
    "intent": "Miscellaneous"
  },
  {
    "text": "In February, the Japanese government approved a bill to raise the age of sexual consent from 13 to 16, as part of reforms to the country's sexual violence penal code.Earlier this year, Ms Gonoi filed a civil lawsuit against the five perpetrators and the Japanese government, seeking 5.5 million yen ($40,000; £32,000) in damages from the men for causing her mental distress, and an additional 2 million yen from the state for its failure to prevent abuse.",
    "intent": "Miscellaneous"
  },
  {
    "text": "He was one of the driving forces of a movement to increase the influence of the religious right in US politics.Robertson also founded the Christian Coalition, the organisation that grew to be a pivotal player in Republican politics starting in the 1980s.",
    "intent": "Miscellaneous"
  },
  {
    "text": "Overall, half of all the departments in the impoverished Caribbean island nation are affected.She managed to save one of her children but her five-year-old died in the flooding: I risked losing two (children), but God left the other one hanging in a tree.",
    "intent": "Miscellaneous"
  },
  {
    "text": "Ultimately Mr Kilicdaroglu was no match for the well-drilled Erdogan campaign, even if he took the president to a run-off second round for the first time since the post was made directly elected in 2014.The president made the most of his victory, with an initial speech to supporters atop a bus in Turkey's biggest city Istanbul, followed after dark by a balcony address from his palace to an adoring crowd that he numbered at 320,000 people."
  },
  {
    "text": "The president is favourite, but his rival believes the margin could still be bridged - either by the 2.8 million supporters of an ultranationalist candidate who came third or by the eight million voters who did not turn out in the first round.The town of Bala, an hour's drive to the south-east of Ankara, is not the sort of place Mr Kilicdaroglu will be able to turn to for support.",
    "intent": "Miscellaneous"
  },
  {
    "text": "He had earlier angrily accused the government of seeking to block the will of the people, by launching repeated challenges in opposition strongholds.It is unclear how close the expected run-off will be, and there is already considerable speculation over what will happen to the 5% of votes that went to the third candidate in the election, ultranationalist Sinan Ogan.",
    "intent": "Miscellaneous"
  },
  {
    "text": "It was exciting to be there right at the start and see it take off the way it did, but it was also where my career ended, and not in the way I wanted it to.The next day or so, I went back to the club doctor and asked if they still had the X-rays they had taken the previous week, because I was sure I'd seen something then but had thought to myself: What do I know?",
    "intent": "Miscellaneous"
  },
  {
    "text": "Overall, half of all the departments in the impoverished Caribbean island nation are affected.She managed to save one of her children but her five-year-old died in the flooding: I risked losing two (children), but God left the other one hanging in a tree.",
    "intent": "Miscellaneous"
  },
  {
    "text": " Prof Bale said, although UKIP struck a chord with many voters who were hostile to the EU and didn't believe the Conservative government was doing enough to limit immigration, the party was ultimately a vehicle for the political ambitions of one man - Nigel Farage.Even Reform, the party to the right of the Conservatives with the most funding and media attention, without the galvanising issue of EU membership struggles to break past 6% in the polls, he said.",
    "intent": "Miscellaneous"
  },
  {
    "text": "Weeks after the accident, the mother of an eight-year-old boy named Paul Davies, who died in Pantglas school, found a drawing of massed figures digging in the hillside under the words “The end”, which he had made the night before the slide.Then I turned and looked the other way and I saw through a window rows of houses and everything seemed derelict and desolate.” Taylor did not recognise the word, even though he had driven past the village countless times, until he heard it on the radio on the day of the disaster.",
    "intent": "Miscellaneous"
  },
  {
    "text": "As part of her aim to champion the need for support and equality for blind and partially sighted people, the countess will meet representatives of two organisations, Persons With Disabilities, and the Society Of And For The Blind.The pair are due to plant a tree to mark the Queen’s 70 years as monarch, before hearing about the country’s response to the Covid-19 pandemic.",
    "intent": "Miscellaneous"
  },
  {
    "text": "His book, The Children of Ash and Elm: A History of the Vikings, it’s a really great read about the culture and also how the Vikings lived, their relationships to the spiritual world, and their gods.So to try to instill that at 5 o’clock in the morning when you’re freezing cold out and you’re naked, covered in blood and mud, and trying to remember the choreography of a long sword fight, all the while remembering where your character’s at and what’s happening in the story was quite tough.",
    "intent": "Miscellaneous"
  },
  {
    "text": "In one public intervention, José Félix Lafaurie, executive president of the Colombian cattle ranchers association Fedegán, sent an open letter to members saying some of Petro’s agricultural policies “would bankrupt thousands of ranching families throughout the country” and telling them: “Ranchers cannot allow these threats to become a reality.” US President Joe Biden, center right, meets Iván Duque, Colombia’s president, center left in the Oval Office of the White House in Washington last month [https://d1e00ek4ebabms.cloudfront.net/production/182ec398-5dc1-4d8a-a3c4-7154c6f835b6.jpg] US President Joe Biden, center right, meets with Ivan Duque, Colombia’s president, center left in the Oval Office of the White House in Washington last month © Doug Mills/The New York Times/BloombergBruce Mac Master, president of the National Business Association of Colombia, says Petro’s controversial spell as mayor of Bogotá from 2012 to 2015 still weighs on some minds.“The question is whether he would be capable of putting together a government that was a bit more serious than the one he had as mayor of Bogotá.” RACING TOWARD A RUN-OFF Banco de la República, the Colombian central bank, says it has seen evidence of capital flight from the country in the run-up to the election but claims the amounts are “not macroeconomically important”.",
    "intent": "Miscellaneous"
  },
  {
    "text": "We envision it as a frost on the moon that built up over time, Andrew Wilcoski, lead author of the paper and a graduate student in astrophysical and planetary sciences and the University of Colorado, Boulder said in a statement.The new paper draws on research from 2017 suggesting that lunar eruptions around 3.5 billion years ago released so much gaseous material that the Moon actually had at atmosphere with up to 1.5 times the surface pressure of the current atmosphere on Mars, but this Lunar atmosphere dissipated to space over a 70-million-year period.",
    "intent": "Miscellaneous"
  },
  {
    "text": "In one public intervention, José Félix Lafaurie, executive president of the Colombian cattle ranchers association Fedegán, sent an open letter to members saying some of Petro’s agricultural policies “would bankrupt thousands of ranching families throughout the country” and telling them: “Ranchers cannot allow these threats to become a reality.” US President Joe Biden, center right, meets Iván Duque, Colombia’s president, center left in the Oval Office of the White House in Washington last month [https://d1e00ek4ebabms.cloudfront.net/production/182ec398-5dc1-4d8a-a3c4-7154c6f835b6.jpg] US President Joe Biden, center right, meets with Ivan Duque, Colombia’s president, center left in the Oval Office of the White House in Washington last month © Doug Mills/The New York Times/BloombergBruce Mac Master, president of the National Business Association of Colombia, says Petro’s controversial spell as mayor of Bogotá from 2012 to 2015 still weighs on some minds.“The question is whether he would be capable of putting together a government that was a bit more serious than the one he had as mayor of Bogotá.” RACING TOWARD A RUN-OFF Banco de la República, the Colombian central bank, says it has seen evidence of capital flight from the country in the run-up to the election but claims the amounts are “not macroeconomically important",
    "intent": "Miscellaneous"
  }
]
