[
  {
    "text": "Mr O'Flynn said he was at the finish of the event on Sunday and that many of the athletes were not fully aware of what had happened.\"But at the end of the day, safety is paramount and the fact that they did reduce the length of the swim - it was at that stage they thought that they would make it much safer, because they are very, very conscious of safety.\"",
    "intent": "Miscellaneous"
  },
  {
    "text": "\"While I know how sore it must be, let none of you feel defeated, for to have reached the final at all is an immense tribute to your skill, determination and team spirit in the finest sporting tradition,\" he said.Match of the Day host and former England striker Gary Lineker said: \"Gutted for the Lionesses who gave their all, but congratulations to Spain on winning the World Cup.",
    "intent": "Miscellaneous"
  },
  {
    "text": "Nancy Ward, director of the California Governor's Office of Emergency Services, said Hilary could be one of the worst storms to hit the state in more than a decade.In the wake of the hottest month on record, July 2023, according to Nasa, the deadliest wildfire in modern US history spread across Hawaii on 8 August, killing at least 111 people.",
    "intent": "Miscellaneous"
  },
  {
    "text": "Corpses of soldiers lay strewn on the streets of Bahri, with government forces having suffered heavy losses at the hands of the paramilitaries, who are in control of much of the city - as well as Khartoum and Omdurman.This means that he no longer has to rely on \"the Clash\" being smuggled in via the Sahara Desert from Libya, which he describes as an \"open arms market\" - a sign of the extent to which lawlessness and instability has engulfed the North African state since the overthrow and killing of long-serving ruler Muammar Gaddafi in 2011.",
    "intent": "Miscellaneous"
  },
  {
    "text": "The forecaster added: \"The next few days will see low pressure close to the north of the UK, so whilst it isn't going to be as wet and windy as last night, we do still expect showers and perhaps some longer spells of rain across the north of the UK.You can also get in touch in the following ways: If you are reading this page and can't see the form you will need to visit the mobile version of the BBC website to submit your question or comment or you can email us at HaveYourSay@bbc.co.uk.",
    "intent": "floods"
  },
  {
    "text": "In south Belfast, a number of roads and surrounding areas have been flooded over night: The M1 Motorway had been closed to traffic at Lisburn due to a fallen tree but has since reopened.In County Waterford a boat, which had been berthed, crashed into the harbour in Dungarvan Members of the Irish Coast Guard and the Royal National Lifeboat Association (RNLI) assisted.",
    "intent": "floods"
  },
  {
    "text": "The National Weather Service (NWS) said the potential for heavy rain, ranging from 3-6in (7-15cm) in some areas, and up to 10in in others, could lead to \"significant and rare\" impacts for parts of southern California and southern Nevada.It is \"exceedingly rare\" for a tropical storm to come off the ocean and make landfall in California, Stefanie Sullivan, a forecaster with the National Weather Service in San Diego, told The New York Times.",
    "intent": "floods"
  },
  {
    "text": "Patron's account on Instagram offers not just pictures of the charismatic dog, but also hope, inspiration and advice for Ukrainians facing the horrors of war.After the destruction of the Kakhovka Dam in southern Ukraine in June, the cat helped collect funds for the evacuation of animals from flooded areas.",
    "intent": "floods"
  },
  {
    "text": "The Met Office has warned people living and working on the coast to take extra care during windy and stormy weather, and to be prepared for the weather changing quickly.You can also get in touch in the following ways: If you are reading this page and can't see the form you will need to visit the mobile version of the BBC website to submit your question or comment or you can email us at HaveYourSay@bbc.co.uk.",
    "intent": "floods"
  },
  {
    "text": "The Met Office has warned over a month's rain could fall across the south of England on Friday, leading to a chance of flooding.A yellow warning for thunderstorms has been issued across a large part of the West Midlands and the South of England.",
    "intent": "floods"
  },
  {
    "text": "The Met Office says there is a chance of travel disruption, with the possibility that some homes and businesses could be flooded or hit by lightning as well as a short-term loss of power.The warning, stretching from Birmingham to London and the whole of the South East and Solent area, is in place from 06:00 BST until 12:00.",
    "intent": "floods"
  },
  {
    "text": "There are more instances of extreme precipitation events occurring now in the form of rainfall even at a high elevation and in all seasons, says Samuel Morin, executive director of the National Centre for Meteorological Research in France and one of the authors of the special IPCC report.This is mainly because the zero-degree isotherm, the freezing level at which precipitation falls as snow, has moved to a higher elevation because of global warming \"As a result, these [mountain] regions are regarded as hotspots that are vulnerable to high risk of extreme rainfall events and related hazards of flooding, landslides and soil erosion,\" the study says.",
    "intent": "floods"
  },
  {
    "text": "Murder Trial: The Disappearance of Renee and Andrew MacRae will feature footage of MacDowell's trial in Inverness and interviews with key figures in the case.The court heard that on the night of their disappearance, Mrs MacRae left her home in Inverness with Andrew in the belief they would be meeting with MacDowell.",
    "intent": "Miscellaneous"
  },
  {
    "text": "Video shared on social media shows floodwaters cascading down into Frankfurt's main underground station.The German city experienced severe weather conditions, with thunderstorms and heavy rain disrupting travel.",
    "intent": "floods"
  },
  {
    "text": "The family feel the catalyst for the supposed paranormal events was moving a gravestone of a 15-year-old girl that had been propped up at the front of their home.Adrienne, the Gowers' younger daughter, also claimed to have seen the monk during a stay at Penyffordd Farm, and Rose-Mary documented her waking up in the middle of the night screaming.",
    "intent": "Miscellenous"
  },
  {
    "text": "The officers served in various parts of the force but all spent time in the Diplomatic Protection Group, now known as the Parliamentary and Diplomatic Protection Command.A statement from the Met said: \"The charges follow an investigation by the Met's Directorate of Professional Standards which was launched following coverage by the BBC's Newsnight programme in October last year.\"",
    "intent": "Miscellenous"
  },
  {
    "text": "Over a hundred people have been displaced after the Merdovine River unexpectedly burst its banks, covering the town of Bardonecchia in thick mud.The flood was likely triggered when heavy rain caused a mountain stream to overflow, leading to a landslide.",
    "intent": "floods"
  },
  {
    "text": "His speech came days after his government defeated a no-trust vote in the parliament after opposition leaders criticised the government response to the crisis in the state and demanded that he address the house on the ethnic clashes.The prime minister said India's economy was now the fifth largest in the world and promised that \"in the next five years, we will be in the top three\".",
    "intent": "Miscellaneous"
  },
  {
    "text": "\"They [farmers] are only thinking about increased production, hence are switching to hybrid varieties,\" says Anjan Kumar Sinha, the founder of the Socio-Environmental Welfare Society (ARSWS), which promotes conservation and the restoration of biodiversity.Rice is widely consumed and grown in India and it is the world's biggest exporter of the grain.",
    "intent": "Miscellaneous"
  },
  {
    "text": "The intense rain had loosened massive piles of earth more than 150m in height, left over from excavations by mining companies, sending the dirt and debris hurtling down the cliff and sweeping up miners on the way.For many years, the military and Kachin insurgents have fought for control over this part of the Kachin State because of its jade mines, estimated to be worth some $30bn (\u00a323.6bn) a year.",
    "intent": "floods"
  },
  {
    "text": "The state's chief minister Sukhvinder Singh Sukhu, who is at the site of the landslide, told reporters that around 20-25 people may be trapped under the debris.On Monday, officials said that the Char Dham Yatra - a pilgrimage to the four holiest sites for Hindus in the state - has been suspended for two days due to the rains.",
    "intent": "floods"
  },
  {
    "text": "The strong currents ripped Miao from her father's grip as floods, triggered by incessant rains, chased the family of three to the roof of a neighbour's house.China's state-run media, which has released death tolls outside Beijing over several days, has focused on the rescue efforts, with headlines such as: \"There is a sense of security called the People's Liberation Army\" and \"Shandong rescue team work in floods, starving, with hands shaking uncontrollably from the cold\".",
    "intent": "floods"
  },
  {
    "text": "The authors of the letter expressed solidarity with those harmed by the climate crisis, including people in the global south and in the UK, who have lost their homes, livelihoods and been forced to migrate.They also highlighted the injustice of corporate greed and profit from the fossil fuel industry at a time when millions across the UK suffer from fuel poverty and the cost of living crisis.",
    "intent": "Miscellaenous"
  },
  {
    "text": "Property risk As insurance availability shrinks and premiums rise, the shock is expected to force a reckoning in the property market in the US, reducing demand for homes in the areas at most risk from wildfires, heat and storms - many of the same places that have experienced recent rapid growth, as movers seek out sun, jobs and more affordable housing.Louisiana lawmakers recently approved roughly $45m in incentives to try to tempt more insurance companies back to the state and spread the risks, an approach that helped to stabilize prices after the devastation of Hurricane Katrina in 2005.",
    "intent": "Miscellaneous"
  },
  {
    "text": "Storm Hans has brought heavy rain to the country, with flooding causing travel disruption and resulting in thousands of people being evacuated from their homes.The country's prime minister Jonas Gahr St\u00f8re said the country should be prepared for more floods in the coming days.",
    "intent": "floods"
  },
  {
    "text": "A spokesman from the New Zealand contingent told the BBC it had taken their team years to raise funds for the event, and the adult volunteers were \"determined to make this a positive experience\" despite the challenges.On top of the Korea Scout Association, the project was also managed by the province's officials, South Korea's legislature, as well as three other government agencies including the ministry of gender equality and family, the ministry of tourism, and the ministry of interior and safety.",
    "intent": "Miscellaneous"
  },
  {
    "text": "\"It is worrisome as far as it shows that demand in China is poor while the rest of the world is awakening, especially the West,\" Alicia Garcia-Herrero, an adjunct professor at the Hong Kong University of Science and Technology, said.A potential positive impact of an extended period of deflation in the country may be that it helps to curb rising prices in other parts of the world, including the UK.",
    "intent": "Miscellaneous"
  },
  {
    "text": "In India, an intense heatwave swept through the north of the country in May, with temperatures climbing to a record 49.2C (120.5F) in parts of the capital, Delhi.Over the next decades, population is expected to double in Asia, with the growth mainly in tier-two cities in countries like Thailand, Indonesia, and Vietnam, according to Prof Chow, who also co-chairs the Intergovernmental Panel on Climate Change (IPCC), the UN's top climate science agency that assesses the socio-economic impact of climate change.",
    "intent": "Miscellaneous"
  },
  {
    "text": "It alleged Russia was planning a \"massive airstrike on the Mykolaiv region\" and the suspect was trying to provide them with information about the locations of electronic warfare systems and warehouses with ammunition which could be targeted by the Russian military.It is understood the SBU did not arrest the suspect at the time of the visit and took security measures to prevent an attack on the Ukrainian president.",
    "intent": "Miscellaneous"
  },
  {
    "text": "\"In the name of freedom and democracy, it illustrates the cultural centre of the West, this is London's freedom\u2026 Decolonize the false freedom of the West with the construction of socialism, let's see what happens,\" the post reads.Mr Wang told the BBC \"there is no question\" that the 24 characters are \"not only goals of China, but common goals for the world\".",
    "intent": "Miscellaneous"
  },
  {
    "text": "A house has fallen into the Mendenhall river in Alaska's capital, Juneau after record glacial flooding in the city.The subsidence prompted city officials to issue evacuation orders for residents on one street.",
    "intent": "floods"
  },
  {
    "text": "The extreme flooding in Slovenia has caused hundreds of millions of dollars worth of damage and killed at least three people, according to the country's prime minister, Robert Golob.The devastating weather has been labelled the country's worst-ever natural disaster after the Environmental Agency issued a red warning.",
    "intent": "floods"
  },
  {
    "text": "A spokesman for the council said the authority \"responded immediately when called out to the need for help and a crew was deployed to the scene by early morning\".An Environment Agency spokesperson said it had responded to reports of \"rapidly rising water levels\" in Loftus and the surrounding areas and teams had been on site and were monitoring the situation.",
    "intent": "floods"
  },
  {
    "text": "We are at the top of the Okavango Delta in northern Botswana, standing in the middle of an \"elephant corridor\" - one of the regular routes taken by elephants in their daily commute between their feeding grounds on one side and water on the other.These days the water remains murky\u2026 the fish numbers seem to decline, the floods come at a different time and it doesn't reach the peaks it used to.\"",
    "intent": "Miscellaneous"
  },
  {
    "text": "While storm-weary Filipinos went about with as much of their daily routines as they could, the typhoons highlighted perennial problems of flooding in the capital, Manila, and its suburbs of Bulacan and Pampanga.Slow-moving Khanun lashed Okinawa in the middle of the week and threatens to curve back to mainland Japan while intensifying rains in China.",
    "intent": "floods"
  },
  {
    "text": "In July alone, China's Ministry of Emergency Management said that it recorded 142 people dead or missing because of the extreme weather.Ma Jun, director of the Beijing-based Institute of Public and Environmental Affairs, an NGO, said: \"China has suffered unprecedented extreme heatwaves since last year.",
    "intent": "Miscellaneous"
  },
  {
    "text": "Relive England's semi-final victory over New ZealandNetball World Cup 2023: fixtures, scores and resultsHow to follow the Netball World Cup on the BBC Patient England reap rewards Until their final group match against Australia, England had gone under the radar - securing wins but with plenty still to work on.Fans in the crowd sensed a place in the final was England's and as the buzzer sounded the players flooded the court, with many in tears as they processed their historic achievement.",
    "intent": "Miscellaneous"
  },
  {
    "text": "The advances in technology during his decades of forecasting have meant theMet Office team are now relied upon to deliver long range forecasts to keep up with the \"growing appetite\" for weather information, he said.But Mr Cowin, who was been on duty during extreme weather events such as the severe coastal flooding in Douglas in 2002 and the heavy snow of 2013, said daily local forecasts were as \"important as ever\".",
    "intent": "floods"
  },
  {
    "text": "It is the latest in a string of works he has attached to the side of the same bridge, with previous additions including a telephone and a post box.The next bizarre addition to the bridge was a black front door, complete with a floating doormat, prompting one resident to row up to the door to knock on it.",
    "intent": "Miscellaneous"
  },
  {
    "text": "\"Injuries and danger to life from flying debris are possible,\" the Met Office said, as it warned of \"large waves and beach material being thrown on to sea fronts, coastal roads and properties\".\"The best advice is to slow down significantly to stay safe and avoid exposed moorland and coastal routes until the storm passes,\" he said.",
    "intent": "Miscellaneous"
  },
  {
    "text": "Sir John, chair of the National Infrastructure Commission, said leaders including himself may previously have \"underestimated the impact of climate change and the rate at which we're seeing those changes\".Climate change is already hitting over the ways we get around and the bosses of our transport networks are reacting to keep things running smoothly.",
    "intent": "Miscellaneous"
  },
  {
    "text": "As the flooding emergency in western Beijing turned deadlier at the beginning of this week, taking out bridges, washing away dozens of cars at a time, and wreaking havoc on the city, the decision was made to divert the raging waters.The most striking thing is the sheer volume of the material to have been pushed along by the flood and delivered to a single location in one go: so striking that crowds were gathering to photograph the scene as if this was some unmissable, freak act of nature.",
    "intent": "floods"
  },
  {
    "text": "BBC Homepage Skip to content Accessibility Help Your account Home News Sport Reel Worklife Travel Future More menu More menu Search BBC Home News Sport Reel Worklife Travel Future Culture Music TV Weather Sounds Close menu BBC News Menu Home War in Ukraine Climate Video World UK Business Tech Science Entertainment & Arts More Health World News TV In Pictures BBC Verify Newsbeat World Africa Asia Australia Europe Latin America Middle East US & Canada Timelapse shows rain drenching Las Vegas This video can not be played To play this video you need to enable JavaScript in your browser.Video, 00:01:00Drones help deliver 'air mail' to Orkney islands Subsection Scotland Published 1 day ago 1:00 Watch: 'Get off the boat - it's going to blow' Video, 00:00:26Watch: 'Get off the boat - it's going to blow' Subsection US & Canada Published 1 day ago 0:26 Hiccupping giant panda caught on camera.",
    "intent": "Miscellaneous"
  },
  {
    "text": "It forecast gusts reaching 50mph (80km/h) in some English Channel coastal areas, 55 to 60mph (86 to 97km/h) in the most exposed locations in the far south-west, and possibly higher speeds in exposed parts of coastal southern England.BBC Weather meteorologist and presenter Sarah Keith-Lucas explained the unseasonably wet and windy weather the UK was experiencing was due to a storm system the French Meteorological Department had named Patricia, which is crossing the UK.",
    "intent": "floods"
  },
  {
    "text": "The teenage boys are also believed to have used the catapults to smash floodlights at the town's rugby club.Mayor Alistair Chisholm said he was appalled to hear about the behaviour of school-age children across the town but said plans were under way for additional CCTV cameras which might, in time, act as a deterrent.",
    "intent": "Miscellaneous"
  },
  {
    "text": "But climate scientists have long warned that global warming would increase the intensity and frequency of storms and heatwaves, both of which have hit parts of Asia in the past month.A study published in 2021 by the Frontiers in Earth Science, which investigated the impact of typhoons between 1979 and 2016, projected that typhoons could double in destructive power over land by the end of the 21st Century.",
    "intent": "floods"
  },
  {
    "text": "At least a dozen people were killed in the Philippines and Taiwan as Doksuri passed through at the end of last week on its way to China.Military helicopters were deployed in the early hours of Tuesday to deliver emergency food supplies and ponchos to people stranded in and around a train station in the hard-hit Mentougou district in western Beijing, CCTV reports.",
    "intent": "Miscellaneous"
  },
  {
    "text": "A couple in the Philippines have pressed ahead with their wedding, despite flooding in the wake of Typhoon Doksuri on Sunday.Typhoon Doksuri, known locally as Egay, as well as Typhoon Falcon have strengthened monsoon rains in the region and caused flooding in many parts of the province of Bulacan.",
    "intent": "floods"
  },
  {
    "text": "They usually get around 250 rupees a day - from monthly payments made by the households - and occasionally a share of the money made by the local corporation from selling the segregated waste they collect.\"Then Cherumannil Baby (another member of the group) told me she had 25 rupees and was willing to lend me half of it for the ticket,\" she tells the BBC.",
    "intent": "Miscellaneous"
  },
  {
    "text": "A man was rescued by firefighters in Wu'an city in Hebei, China, after he was trapped in his car in a flooded river.The rescue was captured on state television as devastating floods hit the region in the wake of Typhoon Doksuri.",
    "intent": "floods"
  },
  {
    "text": "He made miniature figures out of plasticine, placed banners in their hands, took pictures of them \"protesting\" in locations around the city, and posted the results to Instagram with an invite for others to join the movement.The artist was also putting himself in danger by calling his mother and brother, who lived near the Zaporizhzhia nuclear plant in Ukraine, and discussing the war with them.",
    "intent": "Miscellaneous"
  },
  {
    "text": "A historic royal census, known as \"swan upping\", has revealed a 40% drop in the number of cygnets on the River Thames, compared with last year.The impact of avian flu had been \"horrendous, terrible to see,\" said Mr Barber, who was in charge of the count, which covers the Thames from London to Abingdon in Oxfordshire.",
    "intent": "Miscellaneous"
  },
  {
    "text": "One of the elements that might have led to a very hot year in 2022 and may explain the current wetter summer are changes in the jet stream, the fast moving winds that carry weather systems across the Atlantic to the UK.\"I think the jury is out, but there is definitely some science showing that we are getting these much more persistent, static kind of weather patterns, similar to what we've got at the moment with the heat waves,\" said Prof Bentley.",
    "intent": "Miscellaneous"
  },
  {
    "text": "\"What Ireland has lost at such a relatively young age is one of our greatest and most gifted composers, songwriters and performers of recent decades, one who had a unique talent and extraordinary connection with her audience, all of whom held such love and warmth for her,\" he said.Her actions resulted in her being banned for life by broadcaster NBC and protests against her in the US, which saw copies of her records destroyed in New York's Times Square.",
    "intent": "Miscellneous"
  },
  {
    "text": "It is not known how many people were inside the four-storey building when it fell onto another residential block in the early hours of Sunday morning.The regional governor, Samuel Dieudonn\u00e9 Ivaha Diboua, has sought to reassure people - saying the situation is under control and rescue teams will make sure nobody is left beneath the wreckage.",
    "intent": "Miscellneous"
  },
  {
    "text": "Eligibility for the Humanitarian Medal will be for those providing assistance on behalf of the UK government, but it will not be restricted to British nationals, says the Cabinet Office.The medal, with an image of the King on one side and the words \"for humanitarian service\" on the other, will become immediately available, or at least as soon as support is sent to a disaster or catastrophe, whether in the UK or overseas.",
    "intent": "Miscellaneous"
  },
  {
    "text": "The flooding is the latest extreme weather event to hit northeast Canada - recent wildfires have burnt a record area, sending clouds of smoke south into the US.This is because the warmer the earth becomes the more moisture the atmosphere can hold.",
    "intent": "floods"
  },
  {
    "text": "Upper Makefield Fire Chief Tim Brewer told a news conference on Monday that more than 100 crew members and drones would scour the area for the missing children in a \"massive undertaking\".Three cars were swept away and all the other deceased were found outside their cars, having left their vehicles in an attempt to escape the floods, the Philadelphia Inquirer reported.",
    "intent": "floods"
  },
  {
    "text": "However, with the arrival of the Beatles and the Rolling Stones into the US as the decade rolled on, his relevance faded.He followed it with the chart-topping Perfectly Frank, a tribute to his musical hero Sinatra, before 1994's MTV Unplugged saw Bennett win the Grammy for album of the year.",
    "intent": "Miscellaneous"
  },
  {
    "text": "Wuxi East railway station, in eastern China, has been hit by flooding that caused waterfalls to form, with water seen cascading down escalators and staircases.Parts of central and eastern China have been hit by a wave of extreme weather in recent months - including heavy rain and flooding.",
    "intent": "floods"
  },
  {
    "text": "Yorkshire Water said it took three hours to remove the items and return the sewer to normal.\"Thankfully our teams responded quickly to alerts that indicated a problem with the overflows and were able to remove the items and return the network to full working order, stopping the discharge to the river.\"",
    "intent": "floods"
  },
  {
    "text": "The activist has been involved with two climate protest groups - the global Extinction Rebellion, and the more local Disrupt Burrup Hub, which campaigns against fossil fuel projects on the state's Burrup Peninsula.\"As citizens of a democratic society, we should exercise a level of tolerance for disruption if the right to protest is going to have its full value.\"",
    "intent": "Miscellaneous"
  },
  {
    "text": "Rescue workers in Colombia are searching for more than a dozen people who are still missing after a deadly landslide engulfed homes and a main road south-east of the capital, Bogot\u00e1.Landslides are not uncommon during the rainy season in Colombia but in recent years, the loss of life and the damages caused by heavy rains have increased.",
    "intent": "floods"
  },
  {
    "text": "The new allegations made to the BBC include: Some workers told the BBC they felt too scared to report the alleged behaviour, others that they did complain but were ignored by managers or faced retribution.The BBC began investigating working conditions at McDonald's in February, after the company signed a legally binding agreement with the Equality and Human Rights Commission (EHRC) in which it pledged to protect its staff from sexual harassment.",
    "intent": "Miscellaneous"
  },
  {
    "text": "Other fires continue to rage in towns of Loutraki - a coastal town near the city of Corinth - and in Kouvaras, south of the capital.Official maximum temperatures for Tuesday have not yet been confirmed, but provision results showed a high of 45.2C in Figueres in north-west Spain, 44.5C in Bauladu on the island of Sardinia, and 46.3C in Licata on Sicily.",
    "intent": "Miscellaneous"
  },
  {
    "text": "The hot air remains to the south while the UK remains under the influence of the cooler Arctic air and rain bearing weather systems.While temperatures in the summer can reach over 40C in certain locations, the size and length of the current heatwaves is more unusual than \"just summer\".",
    "intent": "Miscellaneous"
  },
  {
    "text": "The latest additions to the family mean there are now seven beavers living together at the release site, the trust said.The River Otter trial demonstrated how the animals' skill replenished and enhanced the ecology of the river and their dams worked as natural flood defences, helping protect homes further downstream.",
    "intent": "Miscellaneous"
  },
  {
    "text": "\"Because we as a family are so AFL [Australian rules], it was really upsetting for her not to be able to play that with the boys, so at the beginning she didn't really take her soccer very seriously.\"The Australian government awarded Kerr the Young Australian of the Year award in 2018, and asked her to carry the national flag at King Charles' coronation earlier this year.",
    "intent": "Miscellaneous"
  },
  {
    "text": "The burnout driving working adults to become \"full-time children\" is not entirely surprising given China's notoriously poor work-life balance - work culture in the country is often referred to as the so-called \"996\" - where people consider it a norm to work 9am to 9pm, six days a week.The origin of the phrase is unclear but a 2018 article by China Youth Daily said that a growing number of university graduates were taking their time to find jobs, many choosing instead to travel or take up short teaching stints - this, the Chinese were told, was \"slow employment\".",
    "intent": "Miscellaneous"
  },
  {
    "text": "The water was up to his waist by the time rescue workers came for him in the middle of the night, along with his wife, who struggles with a bad back.He's lived in Edam for 40 years, and says he is well acclimatised to South Korea's monsoon season, which runs from the end of June to the beginning of August.",
    "intent": "floods"
  },
  {
    "text": "Before publication the UK Committee on Climate Change (UKCCC) called on the government to make sure the third plan matched the scale of the challenge the country is facing.There are no targets in the plan for improving the strength of the communications sector, which was a key ask of the UKCCC in March - but said Ofcom would look at issuing new guidance to companies to prepare for climate change.",
    "intent": "Miscellaneous"
  },
  {
    "text": "He said: \"As they tried to escape the fierce flood waters, dad took his four-year-old son while the mother and grandmother grabbed the two additional children, ages nine months and two years.\"Miraculously, dad and his son got out safely, however, the grandmother, the mother and the two children were swept away by the flood waters.",
    "intent": "floods"
  },
  {
    "text": "The NWS has said that the current system in the southwestern US is \"one of the strongest\" of its kind to hit the region.\"As if the rain coming out of the sky isn't enough, if you start looking up tomorrow, you're going to see a similar situation in what we had a couple of weeks ago because of the air quality degradation [from the wildfires],\" New York governor Kathy Hochul said at a press conference.",
    "intent": "Miscellaneous"
  },
  {
    "text": "A third day of torrential rain has caused landslides, power cuts, and damage to infrastructure across the country.Thousands of people have been affected by evacuation orders and at least 20 people are dead as heavy rain and floods hit the country.",
    "intent": "floods"
  },
  {
    "text": "A number of low-lying villages near the dam, as well as many of the roads connecting them, were said to have been submerged, leaving some residents trapped in their homes.Korail, the country's national rail operator, has announced the suspension of all slow trains and some bullet trains, and said other bullet train services would be disrupted.",
    "intent": "floods"
  },
  {
    "text": "Councillor David Fothergill, chairman of the LGA\u2019s Community Wellbeing Board, said: \u201cDisposable vapes are fundamentally flawed in their design and inherently unsustainable products, meaning an outright ban will prove more effective than attempts to recycle more vapes.\u201d Councils are not against vaping altogether, as they believe vapes are less harmful than tobacco and can help smokers to quit.It has previously told the BBC it recognised the fast growth of the vape market has had \"environmental implications\" and said it plans to introduce recycling boxes for retailers to collect used disposables.",
    "intent": "Miscellaneous"
  },
  {
    "text": "Last week, the World Meteorological Organization declared the onset of El Ni\u00f1o - a weather event where sea surface temperatures in the tropical eastern Pacific rise to at least 0.5C above the long-term average - for the first time in seven years.Further south in the Philippines, heavy floods during the morning rush hour on Thursday caused a 17km (10 miles) traffic jam on a major highway leading to the capital Manila.",
    "intent": "Miscellaneous"
  },
  {
    "text": "The impact of the flooding was still visible in some of the cells, and the health centre, according to the report.Inspectors noted here had been \"significant efforts\" made to address dampness in the cells of the prison as well as the physical deterioration to other parts of infrastructure but questioned the \"long-term durability\" of the repairs.",
    "intent": "floods"
  },
  {
    "text": "He was speaking days before he was due to travel to Beijing to meet with officials to discuss issues around climate change, including plans for this year's UN climate conference, COP28, which will take place in Dubai, in the United Arab Emirates, in November.Although the agreement was billed as one of the major successes of the summit, there are still many details that need to be ironed out, including how much richer nations will pay and how money will be distributed.",
    "intent": "Miscellaneous"
  },
  {
    "text": "Japan's government has said that by the end of the filtration and testing process, the treated water will be no different than the water released by nuclear plants around the world.On the walls, there are charts and maps of the nuclear plant and the sea around it, with markings in various colours to show the degree of radiation and how far it has travelled.",
    "intent": "Miscellaneous"
  },
  {
    "text": "The extension of free school meal vouchers to cover the school holidays was introduced to support vulnerable families during the Covid pandemic, and was praised by footballer Marcus Rashford.\"This summer, a wide range of holiday projects will be available across Wales, including the Food and Fun scheme, which we fund and will be available in all 22 local authority areas for the first time.\"",
    "intent": "Miscellaneous"
  },
  {
    "text": "In fact it was the driest February since 1993 across the UK as a whole, with central and southern England recording less than 20% of the rainfall they'd normally expect.The jet stream is driven by the contrast in the temperature north-to-south and with the Arctic warming more quickly than areas further south that contrast could lessen.",
    "intent": "Miscellaneous"
  },
  {
    "text": "Drone footage has shown roads damaged by flooding and landslides in the northern India state of Himachal Pradesh.In the town of Manali, tourists were stranded along with their vehicles after roads were washed away.",
    "intent": "floods"
  },
  {
    "text": "On Thursday morning, the water level of Yamuna had risen to 208.46 metres from 207.49 metres the previous day - the highest in 45 years, authorities said.On Wednesday, Mr Kejriwal said he had asked the federal government to control the amount of water being released from Hathnikund Barrage in Haryana, which he said was causing the Yamuna to swell.",
    "intent": "floods"
  },
  {
    "text": "New York state saw some of the worst flooding in years, including in Orange County in the Hudson Valley, where a 43-year-old woman died trying to flee her home with her dog.The order was lifted as the rain ceased, but Vermont Governor Phil Scott has warned of more precipitation later this week, which he said \"will have nowhere to go in the over-saturated ground\".",
    "intent": "floods"
  },
  {
    "text": "Satoshi Sugimoto, of the Japanese Meteorological Agency, said he believed the downpours were \"the heaviest ever experienced\" in the region.According to the Japanese Meteorological Agency, the heaviest rainfall recorded in Japan was in Hakone, Kanagawa Prefecture, on 12 October, 2019, when 922.5mm fell in one day.",
    "intent": "floods"
  },
  {
    "text": "In the Himalayan states of Himachal Pradesh and Uttarakhand, teams of the Indian army and the National Disaster Response Force have been carrying out rescue operations after landslides and flash floods damaged roads and buildings.The Amarnath Yatra - an annual Hindu pilgrimage to a Himalayan cave shrine in Indian-administered Kashmir - has also been suspended for the fourth consecutive day after a national highway was damaged, leaving thousands of pilgrims stranded in nearby areas.",
    "intent": "floods"
  },
  {
    "text": "Large areas are expected to see heavy and persistent rainfall as well as thunderstorms on Monday, the National Weather Service (NWS) said in an alert.Extreme heat is forecast for the south-western US this week, including Arizona, where the NWS said conditions were \"rivalling some of the worst heat waves this area has ever seen\".",
    "intent": "floods"
  },
  {
    "text": "The northern Indian state of Himachal Pradesh has been witnessing heavy rainfall over the last few days causing flooding and landslides in the hilly terrain.The neighbouring Uttarakhand state is in a similar situation and water levels of several rivers in the region have crossed the danger mark.",
    "intent": "floods"
  },
  {
    "text": "Aerial footage captured in the US state of Oklahoma shows cars struggling through the flood waters, and submerged fields.Local media has reported damage to powerlines and debris across Oklahoma City, the state capital.",
    "intent": "floods"
  },
  {
    "text": "The National Weather Service in the US has issued emergency flood warnings for Orange, Putnam and Rockland counties, north of New York City.Steven Neuhaus, the Orange County executive, said there had been one death related to the floods, the New York Times reported.",
    "intent": "floods"
  },
  {
    "text": "Meanwhile, the India Meteorological Department (IMD) has warned that more heavy rains are expected in the northern regions of the country.The state has received incessant rainfall over the last 48 hours and is expected to receive more in the next few days.",
    "intent": "floods"
  },
  {
    "text": "The organisation said there would be no change to the number of appliances they will send to a high-rise incident.\"There's going to be a big lag in getting appropriate resources to a fire, to a car crash, to a flooding incident,\" he said.",
    "intent": "Miscellaneous"
  },
  {
    "text": "She says a common theme to what tech entrepreneurs face when they fail is \"a story of resilience and coming out at the other side, and recognising that failure shouldn't be a taboo topic we don't talk about openly\".She says she loves that these public talks about business failure are \"normalizing the fact that something is hard, and that it takes a number of at-bats [a baseball term for a batter's turn] in order to find the right combination of teams and market opportunity, and the right product or service\".",
    "intent": "Miscellaneous"
  },
  {
    "text": "She puts the onus on the government to check up on miners to make sure they are complying with the rules and ensure that what they put in their reports matches the reality.When we put this to the adviser to the Ministry of Energy and Mineral Resources (ESDM), Professor Irwandy Arif, he tells us the government is concerned \"about the impact of mining activities on coastal sedimentation\", not just in this region but across Indonesia.",
    "intent": "Miscellaneous"
  },
  {
    "text": "In Birmingham several inches of water covered parts of Alum Rock Road while the Mostly Jazz Funk and Soul festival site in the city Moseley Park had to be abandoned.Rain had been forecast and the organisers said they had hoped the storm would pass, but the flooding meant it was impossible to continue.",
    "intent": "floods"
  },
  {
    "text": "Heavy rain in India's capital Delhi has caused parts of the city to flood, leaving residents stranded and vehicles at a standstill.People have had to plough on through the floods - or sit in the water in traffic jams.",
    "intent": "floods"
  },
  {
    "text": "Thunderstorms hit parts of the UK on Saturday with a Met Office yellow thunderstorm alert, which covers most of England and Scotland, in place and warns of potential flooding.But what can we expect for the next few days, Matt Taylor has the forecast.",
    "intent": "floods"
  },
  {
    "text": "Hail storms, heavy rain and flash flooding has battered towns across Spain days after a heatwave.Video recorded in the north of Spain shows icy water running through the streets past chairs outside a cafe.",
    "intent": "floods"
  },
  {
    "text": "The weather is due to become calmer on the final day of the festival on Sunday.The Britpop band topped the bill on the opening night, following acts including George Ezra, Niall Horan, Paul Heaton and The View.",
    "intent": "Miscellaneous"
  }
]
