[
  {
    "text": "Four miles north of Herington, Kansas.\u201d A close friend of the victims and fellow meteorology student at University of Oklahoma said that they had all been so excited to cover the storms with Mr Brooks even seeing a tornado for the first time.At this time, we ask the public to respect the privacy of their families.\u201d The College of Atmospheric and Geographic Sciences at the University of Oklahoma also paid tribute to the students saying its members were \u201cdeeply saddened\u201d by their tragic deaths.",
    "intent": "Tornado"
  },
  {
    "text": "WICHITA, Kansas -- A tornado that barreled through parts of Kansas destroyed or damaged hundreds of homes and buildings, injured several people and left more than 15,000 people without power, officials said Saturday.In addition to wreckage from the tornado itself, three University of Oklahoma meteorology students traveling back from storm chasing in Kansas were also killed in a crash Friday evening, according to officials.Nicholas Nair, 20, of Denton, Texas; Gavin Short, 19, of Grayslake, Illinois; and Drake Brooks, 22, of Evansville, Indiana, died in the crash shortly before 11:30 p.m. Friday, according to an Oklahoma Highway Patrol report.The three were in a vehicle being driven by Nair southbound on Interstate 35 when the vehicle hydroplaned and was struck by a tractor-trailer rig in Tonkawa, about 85 miles (137 kilometers) north of Oklahoma City, the report said.A statement released by OU said: \"The university is devastated to learn of the tragic passing of three students.\"There are homes knocked completely off their foundations and entire neighborhoods wiped out, Russell said.City Hall, the Andover YMCA and Prairie Creek Elementary School were among buildings heavily damaged.Field crews from the National Weather Service worked Saturday to determine the extent and strength of the twister, said meteorologist Kevin Darmofal at the Wichita office.Flor and Aldo Delgado said they prayed in the basement of their Andover home as a tornado passed right above them, destroying their home and cars.The couple looked out of the window Friday night and saw the tornado beginning to form, so they headed to the basement.",
    "intent": "Tornado"
  },
  {
    "text": "WICHITA, Kansas -- A tornado that barreled through parts of Kansas destroyed or damaged hundreds of homes and buildings, injured several people and left more than 15,000 people without power, officials said Saturday.In addition to wreckage from the tornado itself, three University of Oklahoma meteorology students traveling back from storm chasing in Kansas were also killed in a crash Friday evening, according to officials.Nicholas Nair, 20, of Denton, Texas; Gavin Short, 19, of Grayslake, Illinois; and Drake Brooks, 22, of Evansville, Indiana, died in the crash shortly before 11:30 p.m. Friday, according to an Oklahoma Highway Patrol report.The three were in a vehicle being driven by Nair southbound on Interstate 35 when the vehicle hydroplaned and was struck by a tractor-trailer rig in Tonkawa, about 85 miles (137 kilometers) north of Oklahoma City, the report said.A statement released by OU said: \"The university is devastated to learn of the tragic passing of three students.\"There are homes knocked completely off their foundations and entire neighborhoods wiped out, Russell said.City Hall, the Andover YMCA and Prairie Creek Elementary School were among buildings heavily damaged.Field crews from the National Weather Service worked Saturday to determine the extent and strength of the twister, said meteorologist Kevin Darmofal at the Wichita office.Flor and Aldo Delgado said they prayed in the basement of their Andover home as a tornado passed right above them, destroying their home and cars.The couple looked out of the window Friday night and saw the tornado beginning to form, so they headed to the basement.",
    "intent": "Tornado"
  },
  {
    "text": "The tornado was on the ground for approximately 1.9 miles, and while it was it snapped tree branches and caused the roof of an outbuilding at the golf course to collapse.Officials also said that after exhaustive investigation, using drone footage from the Rockford Fire Department and Doppler radar data from Chicago and Milwaukee, that storm damage in Rockford was caused not by a tornado, but by straight-line winds that gusted in excess of 70 miles per hour.",
    "intent": "Tornado"
  },
  {
    "text": "The person, who was in their 70s, lived in the Nottingham Forest mobile home park in Gaylord, which was among the first sites hit by the tornado Friday afternoon, said state police Lt. Derrick Carroll.John Boris of the weather service post in Gaylord said the tornado passed through the community in about three minutes but was on the ground in the region for 26 minutes - a \u201cfairly long\u201d time.",
    "intent": "Tornado"
  },
  {
    "text": "\"We are thankful that all of the staff and members that took shelter at the branch at the time of the storm, were not injured.\"Kansas is in the heart of so-called \"tornado alley\" and is one of the most active regions in the world tornado-wise, according to the NWS, Mid-to-late April through to mid-June historically has the highest tornado frequency, NSW records show.",
    "intent": "Tornado"
  },
  {
    "text": "The EF-O tornado -- the least severe on the Enhanced Fujita Scale -- began at about 4:44 p.m. near Willow Crest Golf Club and ended about three minutes later at Central Park, according to the NWS.In Rockford, winds of 70 mph to 80 mph caused damage on the southeast side of the city, but blew in the same direction and could not be categorized as a tornado, according to the NWS.",
    "intent": "Miscellaneous"
  },
  {
    "text": "The tornado was on the ground for approximately 1.9 miles, and while it was it snapped tree branches and caused the roof of an outbuilding at the golf course to collapse.Officials also said that after exhaustive investigation, using drone footage from the Rockford Fire Department and Doppler radar data from Chicago and Milwaukee, that storm damage in Rockford was caused not by a tornado, but by straight-line winds that gusted in excess of 70 miles per hour.",
    "intent": "Miscellaneous"
  },
  {
    "text": "He said there\u2019s \u201cprobably 95% destruction in there.\u201d Gaylord, about 230 miles (370 kilometers) northwest of Detroit, is a popular destination for skiers and snowmobilers in the winter and golfers in the summer.\u201cIt\u2019s a lot more personal when our officers know the people who live in those homes.\u201d John Boris of the weather service post in Gaylord said the tornado passed through the community in about three minutes but was on the ground in the region for 26 minutes \u2014 a \u201cfairly long\u201d time.",
    "intent": "Tornado"
  },
  {
    "text": "He said there\u2019s \u201cprobably 95% destruction in there.\u201d Gaylord, about 230 miles (370 kilometers) northwest of Detroit, is a popular destination for skiers and snowmobilers in the winter and golfers in the summer.\u201cIt\u2019s a lot more personal when our officers know the people who live in those homes.\u201d John Boris of the weather service post in Gaylord said the tornado passed through the community in about three minutes but was on the ground in the region for 26 minutes \u2014 a \u201cfairly long\u201d time.",
    "intent": "Tornado"
  },
  {
    "text": "The three were in a vehicle being driven by Nair southbound on Interstate 35 when the vehicle hydroplaned and was struck by a tractor-trailer rig in Tonkawa, about 85 miles (137 kilometers) north of Oklahoma City, the report said.The couple looked out of the window Friday night and saw the tornado beginning to form, so they headed to the basement.",
    "intent": "Tornado"
  },
  {
    "text": "The three were in a vehicle being driven by Nair southbound on Interstate 35 when the vehicle hydroplaned and was struck by a tractor-trailer rig in Tonkawa, about 85 miles (137 kilometers) north of Oklahoma City, the report said.The couple looked out of the window Friday night and saw the tornado beginning to form, so they headed to the basement.",
    "intent": "Tornado"
  },
  {
    "text": "The tornado, with peak wind speeds of 75 miles per hour, touched down Saturday evening as severe thunderstorms moved through the region, according to the National Weather Service.The tornado initially touched down near the Hilton Hotel and Willow Crest Golf Club before ending in Oak Brook's Central Park approximately three minutes later, according to the NWS.",
    "intent": "Tornado"
  },
  {
    "text": "Police asked that the public stay away from Gaylord, noting that downed trees and power lines were blocking roads.Pictures and videos posted to social media by others showed houses and businesses ripped apart by the extreme weather event, with debris from the damage strewn across roads and parking lots.Sean Christensen, a meteorologist with the National Weather Service, told the Detroit Free Press that the tornado \"touched down at around 3:45 and just went right through town,\" damaging businesses that included Panera Bread and a Jimmy John's.Residents of Gaylord, which is located in the northern part of Michigan's Lower Peninsula, said that the businesses hit also included Taco Bell, Little Caesars and Hobby Lobby, in addition to a shopping center and an RV dealership.\"I was sitting in the Taco Bell, right there on [M-32], and the funnel cloud came right down 32 and for some reason took a turn in the Taco Bell parking lot and hit all the buildings behind us and leveled a bunch of them,\" Frank McClellan told WWJ radio reporter Sandra McNeill.",
    "intent": "Tornado"
  },
  {
    "text": "\"It is a busy downtown area, and it went right through it,\" said Lt. Jim Gorno of the Michigan Department of Natural Resources, describing the aftermath as \"catastrophic.\"More than 6,000 homes and businesses remained without power in Otsego County early Saturday following the tornado, according to PowerOutage.us A home was damaged Friday after a tornado came through the area in Gaylord, Michigan.",
    "intent": "Tornado"
  },
  {
    "text": "The person, who was in their 70s, lived in the Nottingham mobile home park in Gaylord, which was among the first sites hit by the tornado Friday afternoon, said state police Lt. Derrick Carroll.John Boris of the National Weather Service in Gaylord said the tornado passed through the community in about three minutes but was on the ground in the region for 26 minutes \u2014 a \u201cfairly long\u201d time.",
    "intent": "Tornado"
  },
  {
    "text": "The three were in a vehicle being driven by Nair southbound on Interstate 35 when the vehicle hydroplaned and was struck by a tractor-trailer rig in Tonkawa, about 85 miles north of Oklahoma City, the report said.The couple looked out of the window Friday night and saw the tornado beginning to form, so they headed to the basement.",
    "intent": "Tornado"
  },
  {
    "text": "The three were in a vehicle being driven by Nair southbound on Interstate 35 when the vehicle hydroplaned and was struck by a tractor-trailer rig in Tonkawa, about 85 miles (137 kilometers) north of Oklahoma City, the report said.The couple looked out of the window Friday night and saw the tornado beginning to form, so they headed to the basement.",
    "intent": "Tornado"
  },
  {
    "text": "We are committed to ensuring the safety and wellbeing of all Amazon employees every day.\u2019 \u201d Crump and January were joined by several other people, including four people who survived the tornado at the facility, and said they now suffer from PTSD, according to a report by KSDK TV in St. Louis.The lawsuits have alleged that Amazon required people to stay at work until moments before the tornado hit and that the employees who died were improperly directed to shelter in a rest room that the company knew or should have known was not safe.",
    "intent": "Tornado"
  },
  {
    "text": "We are committed to ensuring the safety and wellbeing of all Amazon employees every day.\u2019 \u201d Crump and January were joined by several other people, including four people who survived the tornado at the facility, and said they now suffer from PTSD, according to a report by KSDK TV in St. Louis.The lawsuits have alleged that Amazon required people to stay at work until moments before the tornado hit and that the employees who died were improperly directed to shelter in a rest room that the company knew or should have known was not safe.",
    "intent": "Tornado"
  },
  {
    "text": "JUST WATCHEDWatch: Tornado's extraordinary force caught on camera in KansasReplayMore Videos ...MUST WATCHWatch: Tornado's extraordinary force caught on camera in KansasA surveillance camera captured a tornado ripping trees out of the ground as it passed through Andover, Kansas.Source: CNNStories worth watching (15 Videos)Watch: Tornado's extraordinary force caught on camera in KansasAlabama corrections officer breaks protocol with an inmate, now both are missing This is how one CNN employee saved another colleague's life 'It's insane': Johnny Depp's friend breaks down during testimonyMeet the first-generation immigrant who's now cooking for the French presidentTwo siblings both undergo kidney transplants in 24-hour spanSee the heroic moment a teacher saves a choking studentColorful, 'sporty chic' and iconic: See this year's luxury watch trendsTeen has very close encounter with great white sharkWhy Selena Gomez hasn't been on Instagram in over four yearsHow police were able to put a 30-year murder investigation to restJimmy Kimmel or Fallon?Watch audiences get pranked on April Fools' DaySee Katy Perry hilariously cover wardrobe malfunctionLate night hosts roast Will Smith's Oscar momentBanned, censored, forced off the air: What Russian journalists covering Ukraine faceChris Wallace breaks silence on why he left FoxSee More Watch: Tornado's extraordinary force caught on camera in KansasA surveillance camera captured a tornado ripping trees out of the ground as it passed through Andover, Kansas.Source: CNN",
    "intent": "Miscellaneous"
  },
  {
    "text": "One forecaster from the Washington, DC National Weather Service (NWS) office said on the phone this morning \"As far as the coverage of severe weather, today could be the most widespread this season so far.\"By midafternoon, the cold front will be advancing from the Appalachians and into the mid-Atlantic and Northeast regions, when the second round of severe weather will start moving in.",
    "intent": "Miscellaneous"
  },
  {
    "text": "Videos shared on social media show the devastation caused by a tornado in the town of Gaylord, Michigan on Friday afternoon that caused significant damage to buildings including local businesses.The tornado has left one at least person dead and 44 others injured in the city that has a population of around 4,000 as vehicles were flipped and trees were torn down.Some Facebook users in the local area uploaded videos of what they witnessed to the social media site.Derrick Carroll of the Michigan State Police said on Friday that the tornado had torn through a trailer park and a business area in Gaylord and knocked out the powerMichigan State Police had tweeted on Friday: \"Trees and power lines blocking roadways.",
    "intent": "Tornado"
  },
  {
    "text": "Nearly all of the power lost following a deadly tornado that killed two people and flattened parts of a northern Michigan community has been restored, state police said Sunday.State police Lt. Derrick Carroll has said the city doesn\u2019t have tornado sirens, though anyone with a mobile phone got a \u201ccode red\u201d warning from the weather service about 10 minutes before the tornado hit.",
    "intent": "Tornado"
  },
  {
    "text": "GAYLORD, Mich. (AP) \u2014 Nearly all of the power lost following a deadly tornado that killed two people and flattened parts of a northern Michigan community has been restored, state police said Sunday.State police Lt. Derrick Carroll has said the city doesn\u2019t have tornado sirens, though anyone with a mobile phone got a \u201ccode red\u201d warning from the weather service about 10 minutes before the tornado hit.",
    "intent": "Tornado"
  },
  {
    "text": "John Felton, Amazon\u2019s senior vice president of global delivery services, had said in December that most of the 46 people in the warehouse headed to a shelter on the north side while a smaller group went to the south end, where the loading docks were located and delivery vehicles were parked.In the inspection, the agency said it also reviewed contractor safety and training records as well as the facility's written \u201cEmergency Action Plan.\u201d Officials took issue with the plan, writing in the letter it \u201cwas not customized with specific instructions\u201d for hazards expected at the Edwardsville site.",
    "intent": "Miscellanous"
  },
  {
    "text": "John Felton, Amazon\u2019s senior vice president of global delivery services, had said in December that most of the 46 people in the warehouse headed to a shelter on the north side while a smaller group went to the south end, where the loading docks were located and delivery vehicles were parked.In the inspection, the agency said it also reviewed contractor safety and training records as well as the facility\u2019s written \u201cEmergency Action Plan.\u201d Officials took issue with the plan, writing in the letter it \u201cwas not customized with specific instructions\u201d for hazards expected at the Edwardsville site.",
    "intent": "Miscellanous"
  },
  {
    "text": "\"I left my wife and daughter hunkered down in the basement hoping for the best as I pulled out of the driveway,\" he said.\"When you see wind and you see clouds, you just get a little nervous and you're always kind of looking out the window, and just praying that it's not going to happen again,\" Lockrow said.",
    "intent": "Miscellanous"
  },
  {
    "text": "\"We're going to be continuing to work on getting the final assessments done on all the search and rescue issues, and that's our primary goal for this ops period for today,\" he said.\"Severe thunderstorms associated with a threat for wind damage and large hail are possible on Saturday from the lower Mississippi Valley northward into the western Great Lakes,\" the Storm Prediction Center said, \"A couple tornadoes may also occur.\"",
    "intent": "Tornado"
  },
  {
    "text": "The meteorology students at the University of Oklahoma had earlier in the day been posting videos on Twitter showing the twister passing over the highway as they drove, and even sent a selfie from their car to pals just hours before the crash.Fellow student Leigh O'Neil told The Oklahoman the three young men had sent a selfie of themselves in the car to their friends just hours before the fatal crash.",
    "intent": "Miscellanous"
  },
  {
    "text": "The National Weather Service said the tornado that caused extensive damage Friday mostly in the Wichita suburb of Andover and injured several people rated an EF-3 on the Enhanced Fujita scale it uses to assess tornadoes.In addition to the storm damage, the Oklahoma State Patrol said three University of Oklahoma meteorology students were killed in a car crash about 85 miles north of Oklahoma City in Oklahoma Friday evening as they returned from storm chasing in Kansas.",
    "intent": "Tornado"
  },
  {
    "text": "I\u2019m so thankful this tornado was not as bad as that, but we will literally be doing this for years.\u201d By Sunday, utility crews had restored power to nearly all of the more than 15,000 customers who lost power during the storm.In addition to the storm damage, the Oklahoma State Patrol said three University of Oklahoma meteorology students were killed in a car crash about 85 miles north of Oklahoma City in Oklahoma Friday evening as they returned from storm chasing in Kansas.",
    "intent": "Tornado"
  },
  {
    "text": "I\u2019m so thankful this tornado was not as bad as that, but we will literally be doing this for years.\u201d By Sunday, utility crews had restored power to nearly all of the more than 15,000 customers who lost power during the storm.In addition to the storm damage, the Oklahoma State Patrol said three University of Oklahoma meteorology students were killed in a car crash about 85 miles north of Oklahoma City in Oklahoma Friday evening as they returned from storm chasing in Kansas.",
    "intent": "Tornado"
  },
  {
    "text": "The National Weather Service said the tornado that caused extensive damage Friday mostly in the Wichita suburb of Andover and injured several people rated an EF3 on the Enhanced Fujita scale it uses to assess tornadoes.In addition to the storm damage, the Oklahoma State Patrol said three University of Oklahoma meteorology students were killed in a car crash about 85 miles (137 kilometers) north of Oklahoma City in Oklahoma Friday evening as they returned from storm chasing in Kansas.",
    "intent": "Tornado"
  },
  {
    "text": "The National Weather Service said the tornado that caused extensive damage Friday mostly in the Wichita suburb of Andover and injured several people rated an EF-3 on the Enhanced Fujita scale it uses to assess tornadoes.In addition to the storm damage, the Oklahoma State Patrol said three University of Oklahoma meteorology students were killed in a car crash about 85 miles north of Oklahoma City in Oklahoma Friday evening as they returned from storm chasing in Kansas.",
    "intent": "Tornado"
  },
  {
    "text": "The National Weather Service said the tornado that caused extensive damage Friday mostly in the Wichita suburb of Andover and injured several people rated an EF3 on the Enhanced Fujita scale it uses to assess tornadoes.In addition to the storm damage, the Oklahoma State Patrol said three University of Oklahoma meteorology students were killed in a car crash about 85 miles (137 kilometers) north of Oklahoma City, Oklahoma, Friday evening as they returned from storm chasing in Kansas.",
    "intent": "Tornado"
  },
  {
    "text": "A \"large and dangerous tornado\" hit the town of Lockett, Texas during the storms on Wednesday, according to the National Weather Service.Several states in the Southeast are once again under the threat of severe weather on Thursday, including portions of Kentucky, Mississippi, Texas, Oklahoma, Missouri, Kansas, and Alabama, according to the National Weather Service.",
    "intent": "Tornado"
  },
  {
    "text": "On Wednesday, a \u201clarge and dangerous tornado\u201d was spotted in the rural community of Lockett, about 170 miles (275 kilometers) northwest of Dallas, said the National Weather Service office in Norman, Oklahoma.The storms, which were moving east into other southern U.S. states, could bring more tornadoes, large hail and damaging winds, and the threat of severe weather will continue Friday in parts of the South and over the weekend in the central Plains and Midwest, the weather service said.",
    "intent": "Tornado"
  },
  {
    "text": "On Wednesday, a \u201clarge and dangerous tornado\u201d was spotted in the rural community of Lockett, about 170 miles (275 kilometers) northwest of Dallas, said the National Weather Service office in Norman, Oklahoma.The storms, which were moving east into other southern U.S. states, could bring more tornadoes, large hail and damaging winds, and the threat of severe weather will continue Friday in parts of the South and over the weekend in the central Plains and Midwest, the weather service said.",
    "intent": "Tornado"
  },
  {
    "text": "A replica Red Lichtie Spitfire, Sopwith Camel and BE2 aircraft of the type which the first Montrose pilots of WWI trained in are all displayed there.The following year, the squadron flew north to establish the Angus base at the north end of Montrose.",
    "intent": "Miscellenous"
  },
  {
    "text": "Andy Sullivan, a forecaster at the National Weather Service office in Gaylord, said there was \u201cno doubt\u201d that a tornado had struck and said it was a \u201cvery strong one at that.\u201d He said the office had assessment teams in the community.He said it appeared the entire community had been struck, including a mobile home park that he described as \u201cpretty bad.\u201d Michael Ryan, a council member who lives across the street from his colleague, Mr. Ouellette, said the tornado ripped shingles off his roof and shattered his windows.",
    "intent": "Tornado"
  },
  {
    "text": "A collapsed utility pole lay on the side of the road, and debris, including what appeared to be electrical wires and parts of a Marathon gas station, was scattered all along the street.Governor Gretchen Whitmer issued the following statement in response to the severe weather across Northern Michigan and the tornado in Gaylord.",
    "intent": "Tornado"
  },
  {
    "text": "A powerful storm swept through Oklahoma on Saturday evening that sent tornado warnings throughout the state, driving rain, high winds and wickedly amazing photos of supercells.A strong system began working its way from the western part of the state with anticipated heavy winds, possible golf ball-sized hail and a low risk of tornadoes.Local high schools had their proms delayed, and Southmoore High had its prom goers seek shelter at a nearby Brink Junior High's safe room until the storm passed.The college softball game in Stillwater between Texas and Oklahoma State got postponed to a Sunday doubleheader.And the Oklahoma City Memorial Marathon and Relay scheduled for Sunday morning has been postponed by an hour from 6:30 a.m. to 7:30 a.m.",
    "intent": "Tornado"
  },
  {
    "text": "Audible evidence of rebuilding in Mayfield has been difficult to miss: the cracking and crashing of excavators breaking apart wood and glass, the beep-beep-beep of heavy machinery reversing, the popping of roofers' nail guns.In Dawson Springs, where Bullock and her family now live in a camper, the 54-year-old registered nurse said she has seen just a few houses being rebuilt, and some friends say they won't stay.",
    "intent": "Miscellaneous"
  },
  {
    "text": "Audible evidence of rebuilding in Mayfield has been difficult to miss: the cracking and crashing of excavators breaking apart wood and glass, the beep-beep-beep of heavy machinery reversing, the popping of roofers' nail guns.In Dawson Springs, where Bullock and her family now live in a camper, the 54-year-old registered nurse said she has seen just a few houses being rebuilt, and some friends say they won't stay.",
    "intent": "Miscellaneous"
  },
  {
    "text": "Audible evidence of rebuilding in Mayfield has been difficult to miss: the cracking and crashing of excavators breaking apart wood and glass, the beep-beep-beep of heavy machinery reversing, the popping of roofers\u2019 nail guns.In Dawson Springs, where Bullock and her family now live in a camper, the 54-year-old registered nurse said she has seen just a few houses being rebuilt, and some friends say they won\u2019t stay.",
    "intent": "Miscellaneous"
  },
  {
    "text": "The Occupational Safety and Health Administration (OSHA) suggested improvements to Amazon's severe weather emergency procedures but will not fine the company after a warehouse in Illinois was struck by a tornado, killing six employees and leaving another seriously injured.In a letter addressed to a manager at the Edwardsville warehouse, OSHA investigators determined that Amazon's safety procedures met the \"minimal\" federal guidelines for storm sheltering and therefore would not issue any citations or fines.Instead, managers walked through the 1.1 million-square-foot warehouse and told workers to take shelter in the restroom approximately 10 minutes before the tornado's touchdown.According to the report, some employees did not know the designated safety area was the restroom in the northern part of the building and took shelter in the bathroom on the southern portion of the building.",
    "intent": "Tornado"
  },
  {
    "text": "\u201cIn order to determine the strength of these tornadoes, we we will be sending out a few teams Saturday morning to conduct damage surveys.\u201d A video posted on social media showed the huge twister travelling through the state with debris flying through the air and panicked residents urging people to take shelter.The severe weather prompted Kansas Governor Laura Kelly to issue a state of emergency in the state at around 9pm on Friday night, saying \u201cwe can\u2019t wait for the storm to hit before we respond\u201d.",
    "intent": "Tornado"
  },
  {
    "text": "Field crews from the National Weather Service worked Saturday to determine the extent and strength of the twister, said meteorologist Kevin Darmofal at the Wichita office.The couple looked out of the window Friday night and saw the tornado beginning to form, so they headed to the basement.",
    "intent": "Tornado"
  },
  {
    "text": "An EF-0 tornado with peak wind speeds of 75 miles per hour touched down in the Chicago suburb of Oak Brook Saturday as severe thunderstorms moved through the region, according to the National Weather Service.The tornado initially touched down near the Hilton Hotel and Willow Crest Golf Club before ending in Oak Brook's Central Park approximately three minutes later, according to the NWS.",
    "intent": "Tornado"
  },
  {
    "text": "Field crews from the National Weather Service worked Saturday to determine the extent and strength of the twister, said meteorologist Kevin Darmofal at the Wichita office.The couple looked out of the window Friday night and saw the tornado beginning to form, so they headed to the basement.",
    "intent": "Tornado"
  },
  {
    "text": "One EF-0 tornado snapped tree branches and uprooted some trees as it traveled about two miles (3.2 kilometers) on the ground before 5 p.m. Saturday west of Chicago in Oak Brook, WLS-TV reported.Three University of Oklahoma meteorology students traveling back from storm chasing in Kansas also were killed in a crash Friday evening with a tractor-trailer rig about 85 miles (137 kilometers) north of Oklahoma City, according to officials.",
    "intent": "Tornado"
  },
  {
    "text": "The three students were reportedly part of a wider group of University of Oklahoma students who travelled to Kansas to chase the tornado over the weekend.On Saturday evening, the National Weather Service in Norman, Oklahoma posted a video on Twitter showing a weather balloon with the students' names on it.",
    "intent": "Tornado"
  },
  {
    "text": "A large tornado ripped through Lockett, Texas on Wednesday causing destruction across the community.Videos and images of the property damage caused by the twister have begun to circulate on social media now.Storm chaser and National News Director at Severe Weather AU Daniel Shaw posted an image of a downed power line and said, at this time, there were no reports of serious injuries.\"Storm Chaser Josh Moore also posted a video showing the damage caused by the tornado and reported it had flipped some cars and damaged some homes.",
    "intent": "Tornado"
  },
  {
    "text": "The city said that all of the damage was to homes, schools, and infrastructure.Similar scenes have been reported in parts of northeast Texas as six tornadoes were spotted.The damage is being assessed.There have been no deaths reported.WATCH HERE: TORNADOES RIP THROUGH OKLAHOMA AND TEXAS:EMBED More News VideosNo deaths have been reported as multiple tornadoes ripped through parts of Oklahoma and Texas, but the forecast warns there could be more severe weather on the way.For more information and updates on severe weather, watch ABC13 on the 24/7 Live Stream, or download the ABC13 app.",
    "intent": "Tornado"
  },
  {
    "text": "The storms on Wednesday and Thursday were the latest in several rounds of severe weather in the central United States.After the threat to the Southeast passes, more storms will continue over the weekend in the central Plains and Midwest, the weather service said.",
    "intent": "Tornado"
  },
  {
    "text": "The storms on Wednesday and Thursday were the latest in several rounds of severe weather in the central United States.After the threat to the Southeast passes, more storms will continue over the weekend in the central Plains and Midwest, the weather service said.",
    "intent": "Tornado"
  },
  {
    "text": "A family driving down a road in Woodbury County, Iowa, recorded with their phone's camera the moment a tornado briefly touched ground just feet ahead of them.In a less than one minute clip shared with KTIV News 4, the car owned by the Oleson family can be seen driving down I-29 southbound near Sergeant Bluff, when a tornado suddenly appears less than a mile ahead of the vehicle.The camera then follows the tornado, which quickly advances towards the car and passes it on the left, a dangerous-looking, swirly column of thick gray air.In South Dakota, wind gusts reached a record speed of 107 miles per hour.A severe Thunderstorm Watch was in effect in eastern Nebraska and western Iowa until 10 p.m. on Thursday, the areas most affected by the fast-moving line of storms that hit the upper Midwest in the evening.The Minneapolis Star Tribune reported that a person was killed on Thursday night in Kandiyohi County after a grain bin toppled by the violent wind crashed on a car, killing the passenger.Iowa residents reported evidence of \"haboobs,\" intense dust storms caused by movement of the air ahead of a thunderstorm.The weather is expected to improve on Friday, although southeastern Siouxland could see a few storms on Saturday, according to KTIV News 4.The Weather Service in Des Moines reported that gusts of 20 to 30 miles per hour were still common on Friday morning across central Iowa, but the worst had passed.Iowa has been hit by a record-breaking heatwave this week, with hot and humid weather gripping the southeastern part of the state on Wednesday and Thursday.",
    "intent": "Tornado"
  },
  {
    "text": "Xcel Energy said in a statement: \u201cHundreds of employees and contractors are in the field restoring power today and that number will increase to 700 this afternoon as additional storms move through this evening.\u201d Several spotters reported tornadoes as the worst of the storm hit, although all were believed to be around the EF zero rating with winds of around 80mph.A storm chaser caught the moment it tore through the town of around 15,000 people on video, showing the destruction it delivers in moments as homes are swept into its vortex.",
    "intent": "Tornado"
  },
  {
    "text": "He said initial reports relayed to the National Weather Service that the city's high school was damaged by the storm were incorrect and staff at the school reported it was in good shape.He said the survey team will also investigate whether the suspected tornado may have also caused damage reported in Keensburg, a small Wabash County community that\u2019s a few miles southwest of Mount Carmel.",
    "intent": "Tornado"
  },
  {
    "text": "He said initial reports relayed to the National Weather Service that the city\u2019s high school was damaged by the storm were incorrect and staff at the school reported it was in good shape.He said the survey team will also investigate whether the suspected tornado may have also caused damage reported in Keensburg, a small Wabash County community that\u2019s a few miles southwest of Mount Carmel.",
    "intent": "Tornado"
  },
  {
    "text": "Her mother then called and she assured her mom she was ok. \u201cNot even two minutes later I was pouring the smoothie when all of a sudden my co-worker\u2019s mom rushed through the front door of Tropical Smoothie and yelled for us to run to the back of the building because there was a funnel cloud coming our way,\u201d Goddard told The Associated Press by text message.He said the conditions that spawned Friday\u2019s twister included a cold front moving in from Wisconsin and hitting hot and humid air over Gaylord, with the added ingredient of turning winds in the lower part of the atmosphere.",
    "intent": "Tornado"
  },
  {
    "text": "Her mother then called and she assured her mom she was ok. \u201cNot even two minutes later I was pouring the smoothie when all of a sudden my co-worker\u2019s mom rushed through the front door of Tropical Smoothie and yelled for us to run to the back of the building because there was a funnel cloud coming our way,\u201d Goddard told The Associated Press by text message.He said the conditions that spawned Friday\u2019s twister included a cold front moving in from Wisconsin and hitting hot and humid air over Gaylord, with the added ingredient of turning winds in the lower part of the atmosphere.",
    "intent": "Tornado"
  },
  {
    "text": "\u201cI was crammed shoulder-to-shoulder with my seven co-workers, two of my co-workers\u2019 parents and a lady from Door Dash coming to pick up her smoothies.\u201d When they left the cooler about 15 minutes later and stepped outside, they saw \u201csome of our cars in pieces and insulation all over the ground,\u201d Goddard said.He said the conditions that spawned Friday\u2019s twister included a cold front moving in from Wisconsin and hitting hot and humid air over Gaylord, with the added ingredient of turning winds in the lower part of the atmosphere.",
    "intent": "Tornado"
  },
  {
    "text": "Images on social media showed that in nearby Hellinghausen, a steeple had been ripped off the roof of a church tower, with the rubble scattered in the churchyard.He said the number of tornadoes reported in Europe has been increasing in recent years, but this is largely thought to be a result of better forecasting and more awareness - and includes the advent of social media reports.",
    "intent": "Tornado"
  },
  {
    "text": "Her mother then called and she assured her mom she was OK. Two minutes later, she was pouring a customer's smoothie when her coworker's mom rushed in yelling for them to get to the back of the building, Goddard told The Associated Press by text message.He said the conditions that spawned Friday's twister included a cold front moving in from Wisconsin and hitting hot and humid air over Gaylord, with the added ingredient of turning winds in the lower part of the atmosphere.",
    "intent": "Tornado"
  },
  {
    "text": "Her mother then called and she assured her mom she was OK. Two minutes later, she was pouring a customer\u2019s smoothie when her coworker\u2019s mom rushed in yelling for them to get to the back of the building, Goddard told The Associated Press by text message.He said the conditions that spawned Friday\u2019s twister included a cold front moving in from Wisconsin and hitting hot and humid air over Gaylord, with the added ingredient of turning winds in the lower part of the atmosphere.",
    "intent": "Tornado"
  },
  {
    "text": "\u201cCrews are in there right now doing a secondary search with heavy equipment.\u201dHe said there is \u201cprobably 95% destruction in there\u201d.The tornado struck Gaylord, a town of about 4,200 people, roughly 230 miles north-west of Detroit.More than 40 people were injured.State governor Gretchen Whitmer declared a state of emergency for the county, making further state resources available.\u201cIt\u2019s a lot more personal when our officers know the people who live in those homes.\u201dExtreme spring winds are uncommon in the area because the Great Lakes suck energy out of storms, especially early in the season when the lakes are very cold, said Jim Keysor, a Gaylord-based meteorologist with the National Weather Service.\u201cMany kids and young adults would have never experienced any direct severe weather if they had lived in Gaylord their entire lives,\u201d he said.",
    "intent": "Tornado"
  },
  {
    "text": "\u201cI was crammed shoulder-to-shoulder with my seven co-workers, two of my co-workers\u2019 parents and a lady from Door Dash coming to pick up her smoothies.\u201d When they left the cooler about 15 minutes later and stepped outside, they saw \"some of our cars in pieces and insulation all over the ground,\u201d Goddard said.He said the conditions that spawned Friday\u2019s twister included a cold front moving in from Wisconsin and hitting hot and humid air over Gaylord, with the added ingredient of turning winds in the lower part of the atmosphere.",
    "intent": "Tornado"
  },
  {
    "text": "The person, who was in their 70s, lived in the Nottingham mobile home park, which was among the first sites hit by the tornado Friday, said state police Lt. Derrick Carroll.\u201cIt\u2019s a lot more personal when our officers know the people who live in those homes.\u201d Extreme spring winds are uncommon in the area because the Great Lakes suck energy out of storms, especially early in the season when the lakes are very cold, said Jim Keysor, a Gaylord-based meteorologist with the National Weather Service.",
    "intent": "Tornado"
  },
  {
    "text": "new video loaded: Tornado in Western Germany Injures Dozens Recent episodes in Extreme Weather 10:39 Inside a Suicide Prevention Center in Puerto Rico NOW PLAYING Tornado in Western Germany Injures Dozens 0:41 Tornado Leaves Trail of Destruction in Northern Michigan 0:36 High Winds and Temperatures Fuel Mesquite Heat Fire in Texas 0:40 Rare Dust Storm Blasts Several Plains States with Powerful Winds 1:01 Beach House Collapses Into Ocean During Storm 0:54 Extreme Weather Batters the South and Midwest 0:37 New Mexico Battles One of the Largest Wildfires in Its History 0:51 Tornado Strikes Kansas Town Near Wichita 0:33 Hundreds of Homes Threatened by Fast-Moving Wildfire 1:03 Rescue Teams Search for Flood Victims in South Africa 0:37 Spring Storm Brings Snow to the Northeast Show more videos from Extreme Weather Latest Video Hong Kong Protests 2020 Elections Most-Viewed Visual Investigations The Dispatch Diary of a Song How We Got Here Magazine T Magazine Op-Docs Opinion Advertisement Continue reading the main story",
    "intent": "Tornado"
  },
  {
    "text": "COLORADO WEATHER SWINGS 60 DEGREES TO SNOW, 115K LOSE POWER Authorities urged residents to avoid windows and, if they are outdoors, in a mobile home or in a vehicle, to move to the nearest stable structure.A severe thunderstorm warning is also in effect until 11 p.m. local time as showers and scattered storms were seen forming in Lubbock and Amarillo in the North to San Antonio to Houston in the South.",
    "intent": "Tornado"
  },
  {
    "text": "\u201cEmployers should re-evaluate their emergency plans for the safest shelter-in-place locations and prepare before an emergency to ensure workers know where to go and how to keep themselves safe in the event of a disaster.\u201d According to the Hazard Alert Letter sent to the company, investigators at the Amazon Fulfillment Center in Edwardsville found the megaphone used to initiate shelter-in-place procedures was locked away and inaccessible.\u201cThe tornado that hit our delivery station was extreme and very sudden, with winds that were much like the force of a category 4 hurricane, and we believe our team did the right thing, moving people to shelter as soon as the warning was issued,\u201d said the spokesperson, Kelly Nantel.",
    "intent": "Tornado"
  },
  {
    "text": "Sedgwick County reported Saturday that damage evaluations were ongoing on Saturday and that the Wichita Fire Department Rescue Teams 1 & 2 were assisting citizens in navigating debris and escorting people to shelter.\"Sedgwick County Fire Department Taskforce 5, which is a multi-agency group that responds to rescue-related events, and the Regional Hazmat Team have been deployed and are continuing to support citizens of Sedgwick County and Butler County & Andover Fire Departments,\" the government wrote.",
    "intent": "Tornado"
  },
  {
    "text": "Tornado Leaves Trail of Destruction in Andover, Kansas A dangerous tornado touched down in Andover, Kansas, causing damage to buildings on the evening of April 29.This footage, filmed by Blake Robinson, shows the destruction and damage caused by the storm along highway route 54.The National Weather Service confirmed a tornado had touched down over Andover, warning residents to seek shelter.Wichita Police Chief Lem Moore urged locals to steer clear of Andover, unless absolutely necessary, adding that \u201cemergency services want to focus on the families in Andover and not have to manage people wanted to drive by to see the damages\u201d.Credit: Blake Robinson via Storyful",
    "intent": "Tornado"
  },
  {
    "text": "The storm system that passed through the Central Plains will continue moving east and bring strong winds, hail, and tornadoes, to over a dozen states.Videos from residents and storm chasers show the tornado's devastation on the city, with vehicles being tossed at the local YMCA that lost part of its roof.",
    "intent": "Tornado"
  },
  {
    "text": "Here are the latest headlines: Tornado Watch Issued for Most of Chicago Area, Northern Illinois The National Weather Service has issued a tornado watch for most of the Chicago area.Chicago-Area Residents Asked to Delay Showers, Laundry Ahead of Severe Weather Chicago-area officials are asking residents to delay taking showers or washing dishes in an effort to leave room in the region\u2019s sewer system ahead of potential severe weather on Saturday.",
    "intent": "Tornado"
  },
  {
    "text": "A college student from suburban Grayslake and two fellow meteorology students at the University of Oklahoma were killed late Friday when their vehicle was struck by a tractor-trailer while the students were returning from chasing a tornado in Kansas.\u201cI spoke with Drake's mother, Drake called his mom and said that he was at, he had the best night of his life with Gavin and Nick,\" Beth said.",
    "intent": "Tornado"
  },
  {
    "text": "Nicholas Nair, 20; Gavin Short, 19; and Drake Brooks, 22, had followed a tornado near Herrington, Kansas, and were returning to their school in Norman, Oklahoma, Friday night when their Volkswagen Tiguan SUV hydroplaned on rainy Interstate 35, skidded into the outside lane and stopped, according to the Oklahoma Department of Public Safety.\u201cBroadcasting was his passion.\u201d Nair\u2019s brother, Keane, spoke to his brother by phone before the crash and heard his excitement after the three had seen their first tornado as a group.",
    "intent": "Tornado"
  },
  {
    "text": "\u201cWe had four, and two of those were firefighters involved in the efforts last night, and everyone was stable.\u201d And he added: \u201cWell, I tell you, I\u2019m going to try not to get emotional about that one.I\u2019ve been to a few of these, and to have the damage that we have in our community and not have deaths, is just a miracle.\u201d Chief Russell thanks the community\u2019s neighbours for rushing to support the city, which is a suburb of Wichita, where dozens of buildings are flattened.",
    "intent": "Tornado"
  },
  {
    "text": "Tornado warnings and strong storms headline another week of severe weather swiping the Red River Valley, which includes most of the border between Oklahoma and Texas.A strong band of storms worked its way across that corridor on Wednesday, dropping tornadoes and wreaking havoc with life-threatening storms along its path.The storm triggered tornado warnings on both sides of the Red River, which is the dividing point for many parts of Oklahoma and Texas.Tornado warnings went throughout Wednesday night for many counties in both states, with some extending into Thursday morning.Many folks began capturing videos and photos as the storm reared its head late Wednesday afternoon and into darkness.Here are some of those.This video was captured near Beardin, OklahomaHere's video footage from Seminole, Oklahoma after a tornado went through on Wednesday.",
    "intent": "Tornado"
  },
  {
    "text": "The sheriff\u2019s department in Wilbarger County reported \"extensive structural damage\" in the small town that lies close to the Oklahoma border, according to news outlet Weather.com.By Friday, the severe weather system is expected to shift over the lower Mississippi into the Tennessee Valleys before moving into the Midwest over the weekend.",
    "intent": "Miscelleneous"
  },
  {
    "text": "Get ahead of the storm: Sign up for weekly email updates from CNN meteorologists JUST WATCHEDWatch: Tornado's extraordinary force caught on camera in KansasReplayMore Videos ...MUST WATCHWatch: Tornado's extraordinary force caught on camera in Kansas 01:01 Early-day storms may persist and intensify through Thursday morning, then diminish and redevelop in the afternoon from Texas through Arkansas, with extreme winds and a few tornadoes possible.Southeast and Mid-Atlantic are threatened Friday By Friday, this storm system will weaken and move through the Southeast and Mid-Atlantic, though threats of some isolated tornadoes, damaging wind and hail remain.",
    "intent": "Tornado"
  },
  {
    "text": "Timing of storms dependent on two factors As a warm front lifts northward across the Plains, the sticky air mass that settles in and the daytime heating from the sun will help induce thunderstorm development into the early afternoon hours.The Twin Cities, for instance, average a high temperature of 68 degrees; meanwhile the forecast is for the mercury in the thermometer to climb to a stifling 91.",
    "intent": "Miscelleneous"
  },
  {
    "text": "But as the legislative session nears its close, the Senate has still not taken action on its version of the gambling proposal, dimming the odds of the state changing the law.\u201d Also in the Star Tribune, Andy Mannix and Liz Sawyer says, \u201cThe city of Minneapolis will pay more than $200,000 to settle separate discrimination claims by two former police officers, who were both disciplined after speaking out against the department's internal policies and culture.The leak of a draft U.S. Supreme Court opinion that would overturn the landmark Roe v. Wade decision and sharply curtail abortion rights in roughly half the states has energized both sides of the abortion debate in Minnesota.\u201d For the Star Tribune, Hunter Woodall says, \u201cDonald Trump's endorsement is helping shape Republican races across the country, but the former president hasn't picked a side in the party's unsettled race for Minnesota governor.",
    "intent": "Miscelleneous"
  },
  {
    "text": "\"And at that point the trees started falling so I just ducked down, and I slammed on the brakes and I stopped in the intersection, like the only place I could really find that there wasn't trees coming down.\"Kevin Stitt said the damage caused by the tornado in Seminole is \"heartbreaking,\" and added that he is \"grateful\" there are no serious injuries.",
    "intent": "Tornado"
  },
  {
    "text": "The possible tornado has not been confirmed by the National Weather Service, which defines a tornado as \u201ca violently rotating column of air extending from the base of a thunderstorm down to the ground.\u201d In a tweet Tuesday morning, however, the service acknowledged preliminary reports of Monday\u2019s storms mentioned two tornados, one near Claremont, New Hampshire, and another near New Bern, North Carolina.\u201cAlthough tornadoes are most common in the Central Plains and the southeastern United States, they have been reported in all 50 states.\u201d In the dashboard camera video, a funnel of wind can be seen in the road.",
    "intent": "Tornado"
  },
  {
    "text": "\u201cIn less than five minuets it was over.\u201d Images shared on social media showed what appeared to be multiple RVs in a parking lot that were destroyed and left in pieces, and a portion of a roof ripped off a large building.Gaylord also is host to the annual Alpenfest in July, what it describes as an \u201cAlpine-inspired celebration\u201d honoring the city\u2019s heritage and a partnership with a sister city in Switzerland.",
    "intent": "Tornado"
  },
  {
    "text": "The tornado hit Gaylord around 3.40pm, local time, on Friday afternoon and there are reports of heavy damage to buildings in the west of the town.Follow The Mirror on Google News - CLICK HERE and click the star Follow The Mirror on Apple News - CLICK HERE available on Apple devices Follow The Mirror on Flipboard - CLICK HERE and click follow You can sign up for Twitter alerts for breaking news here @MirrorBreaking_ and follow us @DailyMirror , for all the latest updates.",
    "intent": "Tornado"
  },
  {
    "text": "He said it appeared the entire community had been struck, including a mobile home park that he described as \u201cpretty bad.\u201d Michael Ryan, a council member who lives across the street from his colleague, Mr. Ouellette, said the tornado ripped shingles off his roof and shattered his windows.The house next to it is still standing but the roof\u2019s gone.\u201d Mayor Todd Sharrard said Friday evening that Gaylord had suffered \u201cquite a few injuries,\u201d though he wasn\u2019t sure how many, but he was not aware of any fatalities.",
    "intent": "Tornado"
  },
  {
    "text": "Her mother then called and she assured her she was OK.Two minutes later, she was pouring a customer\u2019s smoothie when her coworker\u2019s mother rushed in yelling for them to get to the back of the building, Miss Goddard told The Associated Press by text message.They took shelter in the walk-in freezer, where they could hear windows shattering.She said: \u201cI was crammed shoulder-to-shoulder with my seven co-workers, two of my co-workers\u2019 parents and a lady from Door Dash coming to pick up her smoothies.\u201dWhen they left the freezer about 15 minutes later and stepped outside, they saw \u201csome of our cars in pieces and insulation all over the ground\u201d, Miss Goddard said.She added three neighbouring businesses were destroyed.Brian Lawson, a spokesman for Munson Healthcare, said Otsego Memorial Hospital was treating 23 people injured by the tornado and that one person was killed.A collapsed utility pole lay on the side of the road, and debris, including what appeared to be electrical wires and parts of a Marathon gas station, was scattered all along the street.The Red Cross set up a shelter at a church.Extreme winds are uncommon in this part of Michigan because the Great Lakes suck energy out of storms, especially early in spring when the lakes are very cold, said Jim Keysor, a Gaylord-based meteorologist with the National Weather Service.\u201cMany kids and young adults would have never experienced any direct severe weather if they had lived in Gaylord their entire lives,\u201d he said.The last time Gaylord had a severe wind storm was in 1998, when straight-line winds reached 100mph, Mr Keysor said.He added the conditions that spawned Friday\u2019s twister included a cold front moving in from Wisconsin and hitting hot and humid air over Gaylord, with the added ingredient of turning winds in the lower part of the atmosphere.Gaylord, known as the Alpine Village, is set to celebrate its 100th birthday this year, with a centennial celebration that will include a parade and open house at City Hall later this summer.The community also holds the annual Alpenfest in July, an Alpine-inspired celebration honouring the city\u2019s heritage and a partnership with a sister city in Switzerland.",
    "intent": "Tornado"
  },
  {
    "text": "Golf ball-sized hail was also reported in the area, according to Fox News According to Jim Keysor, the meteorologist in charge at the National Weather Service office in Gaylord, the town has no recorded tornados in its history.Gretchen Whitmer pledged to rebuild in a tweet Friday night.. \u201cMy heart goes out to the families and small businesses impacted by the tornado and severe weather in Gaylord,\u201d she wrote.",
    "intent": "Tornado"
  },
  {
    "text": "Residents of Lippstadt, a town about 22 miles west Paderborn, were hit with heavy rain and hail as the weather system wreaked havoc in towns across the west of the country.The weather in Germany is in stark contrast to the conditions in Spain, which is experiencing an extreme heatwave.",
    "intent": "Miscelleneous"
  },
  {
    "text": "A few responses: RELATED: OPINION: GOP House Chair Crosses Line With \u2018Pedo\u2019 Attack Against the Left in Lie-Filled Baby Formula Rant \u2018Abbott Supports Letting Babies Starve\u2019: Critics Fed Up With Texas Governor Trying to Milk Formula Mess Florida Republican Draws Criticism for Posting Photo of \u2018Baby Formula\u2019 at Federal Facility That\u2019s Mostly Apple Sauce CONTINUE READING Show less 'Never seen anything like this': Fatal Michigan tornado wiped out a Hobby Lobby, Jimmy Johns and Quick Lube Bob Brigham May 20, 2022 Authorities in Michigan are detailing extensive damage from a fatal tornado that struck the town of Gaylord on Friday.pic.twitter.com/5AQ5FeTlIp \u2014 Bob Brigham (@BobBrigham) May 21, 2022 CONTINUE READING Show less Thom Hartmann Republicans learn to promote fascism at the feet of a master Jordan Green, Staff Reporter 'Hillbilly spoof': How the same gang that pushed the 'Big Lie' in 2020 worked together on the 2019 Kentucky election Rod Graham The potential for political violence lies with normal people harboring extreme racist attitudes Copyright \u00a9 2022 Raw Story Media, Inc. PO Box 21050, Washington, D.C. 20009 | Masthead| Privacy Policy| For corrections or concerns, please email corrections@rawstory.com.",
    "intent": "Miscelleneous"
  },
  {
    "text": "JUST WATCHEDVideo captures aftermath of Michigan tornadoReplayMore Videos ...MUST WATCHVideo captures aftermath of Michigan tornadoIn northern Michigan, thousands are still without power, and a curfew is in place after a tornado killed one person and destroyed homes.Source: CNNWicked weather (15 Videos)Video captures aftermath of Michigan tornadoCNN on the ground in New Orleans after tornado ripped through the cityTruck tossed on its side in reported tornadoWaterspout flies across beachJust what exactly is a 'bomb cyclone'?Steer like this to stay out of accidents in the snowIs this storm really a blizzard?Keep these items in your car in case of a stormHow snow differs from freezing rain and sleetWhat's the weather forecast for 2050?What is a polar vortex?This is how much the climate crisis cost in 2021 What is lake-effect snow?'Unbelievable': video shows people inside historic windstormWatch: Vehicle dodges falling tree on Oregon highway'This is not normal': Extreme weather events stun CNN meteorologistSee More Video captures aftermath of Michigan tornadoNew DayIn northern Michigan, thousands are still without power, and a curfew is in place after a tornado killed one person and destroyed homes.Source: CNN",
    "intent": "Tornado"
  },
  {
    "text": "One person was killed and more than 40 people were injured in the town of 4,000 people the Michigan State Patrol confirmed on Twitter on Saturday morning, with multiple people treated at nearby hospitals.It\u2019s bad.\u201d A smoothie cafe worker, Emma Goodard, added:\u201cI was crammed shoulder-to-shoulder with my seven co-workers, two of my co-workers\u2019 parents and a lady from Door Dash coming to pick up her smoothies.\u201d Neighbouring businesses were among the many buildings destroyed, she said.",
    "intent": "Tornado"
  },
  {
    "text": "A second person died in a rare tornado that hit a small community in northern Michigan, state police said Saturday.Extreme spring winds are uncommon in the area because the Great Lakes suck energy out of storms, especially early in the season when the lakes are very cold, said Jim Keysor, a Gaylord-based meteorologist with the National Weather Service.",
    "intent": "Tornado"
  },
  {
    "text": "GAYLORD, Mich. (AP) \u2014 A second person died in a rare tornado that hit a small community in northern Michigan, state police said Saturday.Extreme spring winds are uncommon in the area because the Great Lakes suck energy out of storms, especially early in the season when the lakes are very cold, said Jim Keysor, a Gaylord-based meteorologist with the National Weather Service.",
    "intent": "Tornado"
  },
  {
    "text": "GAYLORD, Mich. -- A second person died in a rare tornado that hit a small community in northern Michigan, state police said Saturday.Extreme spring winds are uncommon in the area because the Great Lakes suck energy out of storms, especially early in the season when the lakes are very cold, said Jim Keysor, a Gaylord-based meteorologist with the National Weather Service.",
    "intent": "Tornado"
  },
  {
    "text": "GAYLORD, Mich. \u2014 A second person died in a rare tornado that hit a small community in northern Michigan, state police said Saturday.Extreme spring winds are uncommon in the area because the Great Lakes suck energy out of storms, especially early in the season when the lakes are very cold, said Jim Keysor, a Gaylord-based meteorologist with the National Weather Service.",
    "intent": "Tornado"
  }
]
