[
  {
    "text": "Tesla CEO Elon Musk has revealed new details about the upcoming Cybertruck electric pickup truck, the mass production of which was delayed until 2023 because of the lack of components and a lot of complex technologies that need to be scaled up.Following the announcement of Tesla Cybertruck in 2019, the company announced three configurations of the pickup truck: the entry-level model with one motor, the one with two motors, and the one with three.",
    "intent": "Miscellaneous"
  },
  {
    "text": "\"Neuralink's working well in monkeys, and we're actually doing just a lot of testing and just confirming that it's very safe and reliable, and the Neuralink device can be removed safely,\" he said.In April, the company posted a video on the official YouTube channel with a monkey playing the classic Pong game solely with its own mind.",
    "intent": "Miscellaneous"
  },
  {
    "text": "In order to set an NFT as their profile pic, a user will need to connect their crypto wallet to their Twitter account and select the image they need from the NFT gallery.If the user tries to set a screenshot of an NFT not linked to the blockchain as a profile image, it will be round.",
    "intent": "Miscellaneous"
  },
  {
    "text": "They were introduced along with a Chinese New Year software update in China, which allows using the microphones.A recent software update allows you to sing in a parked electric vehicle and enjoy your favorite hits while watching videos similar to the ones one can watch in karaoke bars.",
    "intent": "Miscellaneous"
  },
  {
    "text": "Tesla\u2019s CEO Elon Musk during the groundbreaking ceremony of the carmaker\u2019s Shanghai Gigafactory on January 7, 2019.Photo: Zuma Press/TNS Tesla + FOLLOW Business / Companies Tesla gets the presidential snub as Biden ignores it to laud inroads by GM and Ford in electric vehicles In 2021, Tesla delivered over 936,000 cars globally while GM sold nearly 480,000 EVs last year, mostly in China Topic | Tesla E3B1C256-BFCB-4CEF-88A6-1DCCD7666635 Bloomberg + FOLLOW Published: 11:36am, 3 Feb, 2022 Updated: 11:36am, 3 Feb, 2022 Why you can trust SCMP Tesla\u2019s CEO Elon Musk during the groundbreaking ceremony of the carmaker\u2019s Shanghai Gigafactory on January 7, 2019.",
    "intent": "Miscellaneous"
  },
  {
    "text": "A while back I wrote that Elon Musk wouldn\u2019t be the second richest man in the world for long, prompting howls of anger from the fanboys, some of whom have as many as five followers on Twitter.Octopus reckons consistency of speed is the key to longer battery power; so the trick is not to speed up and slow down the whole time, something you can\u2019t always avoid, especially not when test driving a new toy.",
    "intent": "Miscellaneous"
  },
  {
    "text": "It has been a year since Mat Bowen, who was the pastor of a small church in Gibson City, Illinois, had the dream \u2014 the one where Elon Musk, the head of Tesla, urged him to buy Dogecoin.He soon discovered WallStreetBets, the online forum on Reddit where throngs of small investors were plotting to buy shares of GameStop, the troubled video game retailer, in a bid to teach Wall Street a lesson.",
    "intent": "Miscellaneous"
  },
  {
    "text": "Tesla\u2019s CEO Elon Musk during the groundbreaking ceremony of the carmaker\u2019s Shanghai Gigafactory on January 7, 2019.Photo: Zuma Press/TNS Tesla + FOLLOW Business / Companies Tesla gets the presidential snub as Biden ignores it to laud inroads by GM and Ford in electric vehicles In 2021, Tesla delivered over 936,000 cars globally while GM sold nearly 480,000 EVs last year, mostly in China Topic | Tesla E3B1C256-BFCB-4CEF-88A6-1DCCD7666635 Bloomberg + FOLLOW Published: 11:36am, 3 Feb, 2022 Updated: 11:36am, 3 Feb, 2022 Why you can trust SCMP Tesla\u2019s CEO Elon Musk during the groundbreaking ceremony of the carmaker\u2019s Shanghai Gigafactory on January 7, 2019.",
    "intent": "Miscellaneous"
  },
  {
    "text": "For the premium price, SpaceX promises improved hardware (more than double the antenna capability), higher speed, lower latency and \u201cunlimited service locations,\u201d enabled by \u201ctwice the area of standard phased array with broader scan angle,\u201d Elon Musk said in a tweet early Wednesday.Starlink Premium users can expect download speeds of 150 to 500 megabits per second (Mb/s), with latency between 20 and 40 milliseconds (ms), which SpaceX said is enough to support \u201chigh throughput connectivity for small offices, storefronts, and super users across the globe.\u201d The standard service advertises speeds between 100 and 200 Mb/s and a tighter latency range.",
    "intent": "Miscellaneous"
  },
  {
    "text": "It has been a year since Mat Bowen, who was the pastor of a small church in Gibson City, Illinois, had the dream \u2014 the one where Elon Musk, the head of Tesla, urged him to buy Dogecoin.He soon discovered WallStreetBets, the online forum on Reddit where throngs of small investors were plotting to buy shares of GameStop, the troubled video game retailer, in a bid to teach Wall Street a lesson.",
    "intent": "Miscellaneous"
  }
]
