[
  {
    "text": "Readings are generally similar to those of the Richter scale.During the early phase of the swarm, 3,186 quakes were recorded—and it peaked with two large events on October 2 and November 6 that measured Mw 5.9 and 6.0 respectively.After these events, the swarm tapered off and by February 2021, seismic activity in the area was substantially reduced, the authors of the study said.In total, around 85,000 earthquakes were recorded over the course of the swarm, occurring close to the Orca underwater volcano, which scientists had previously considered to be inactive.The underwater volcano (or seamount) consists of a nearly circular cone measuring nearly 7 miles across at the base and a crater measuring around 2 miles wide, according to the study.Despite this, it appears from the available evidence that there have been no dramatic volcanic eruptions in the region in the recent geologic past.It is important to note, however, there is a lack of data regarding volcanism in many parts of Antarctica because the continent is covered in ice and the remoteness of many of the volcanoes makes studying them a challenge.The international team of researchers taking part in the study come from the GFZ German Research Centre for Geosciences Potsdam in Germany, the Italian National Institute of Oceanography and Applied Geophysics, the Polish Academy of Sciences' Institute of Geophysics, the Missouri University of Science and Technology, and the German Aerospace Center.",
    "intent": "Volcano"
  },
  {
    "text": "The explosion of the volcano in the South Pacific was the biggest ever recorded by modern geophysical equipment, said a study published last week in the journal Science.“The only way people actually measured Krakatoa was with weather instruments – barometers – which measure the very low frequency changes in the atmosphere,” said Stephen Arrowsmith, a co-author of the study from Southern Methodist University in the US.",
    "intent": "Volcano"
  },
  {
    "text": "Orange Like The Sun: Tourists Rush To Iceland's Latest Volcanic Eruption While volcanologists say the eruption remains low intensity for now, initial estimates indicate that its flow is significantly more powerful than the two previous eruptions in 2021 and 2022 on the Reykjanes peninsula.While volcanologists say the eruption remains 'low intensity' for now, initial estimates indicate that its flow is significantly more powerful than the two previous eruptions in 2021 and 2022 on the Reykjanes peninsula.",
    "intent": "Volcano"
  },
  {
    "text": "Indonesia's Anak Krakatoa volcano erupted on Friday, belching a column of ash more than three kilometres into the sky, officials said.The volcanic island emerged from the sea at the beginning of the last century from the crater formed after the 1883 eruption of Mount Krakatoa - one of the deadliest and most destructive in history.Anak Krakatoa, which means 'Child of Krakatoa', spewed thick ash over the strait that separates the islands of Java and Sumatra",
    "intent": "Volcano"
  },
  {
    "text": "Philippine scientists said that a 'hazardous eruption' of a volcano in the archipelago could be days or weeks away, and urged the evacuation of nearby residents from their homes.Hundreds of families living around Mount Mayon in central Albay province are expected to be moved to safer areas after the Philippine Institute of Volcanology and Seismology raised the alarm.Mayon, a near-perfect cone located about 330 kilometres (205 miles) southeast of the capital Manila, is considered one of the most volatile of the country's 24 active volcanoes",
    "intent": "Volcano"
  },
  {
    "text": "Kavachi, one of the most active submarine volcanoes in the Pacific, has erupted at least eight times since 1939, often forming new islands of lava that erode after a few months and disappear beneath the waves.Deadly sharks raining down on the nations of the South Pacific, Australia, New Zealand, most probably Hawaii too … Well, so far residents of nearby islands have witnessed only steam and ash, plus the odd lump of pumice in the water.",
    "intent": "Volcano"
  },
  {
    "text": "A lost Mayan city that collapsed inside a volcano crater has been explored by a team of archaeologistsIn the Late Preclassic period—400 BC to AD 250—there was a thriving Mayan city consisting of temples, houses and squares, in the middle of the volcanic Lake Atitlán.The Atitlán, situated in the highlands of Guatemala, lies within a volcano carter more than 5,000 feet above sea level.A catastrophic event—which experts believe was caused by some sort of volcanic activity—caused the city to collapse from its bottom, forcing the Mayans to flee.The city sunk into the Atitlán's depths and now lies 39 and 65 feet below its surface, according to Mexico's National Institute of Anthropology.The lost city has now been explored by a team of archeologists, lead by the head of the Yucatan Peninsula Office at the National Institute of Anthropology, Helena Barba Meinecke.Their aim was to raise awareness of the city's significance to the Indigenous communities in the region and promote its conservation.To reach the sunken city, archaeologists carried out dives in the area.During the dives, archeologists uncovered the remains of buildings, columns, ceremonial stones, and other structures.",
    "intent": "Volcano"
  },
  {
    "text": "He added: “People, including tourists, should adhere to the recommendation from the Geological Agency, which prohibits anyone to be within a two-kilometre radius from the crater.” Anak Krakatoa – which means the Child of Krakatoa — has erupted 21 times in recent weeks, but officials said Sunday’s eruption was the largest recorded so far.“We have increased the status of Mount Anak Krakatoa from level two to level three and recommend that nobody is allowed to get closer than five kilometres radius from the active crater,” Hendra Gunawan, head of the country’s Centre of Volcanology and Geological Hazard Mitigation, said.",
    "intent": "Volcano"
  },
  {
    "text": "Some people measure that by whether a family has a second refrigerator in the basement or a tree in the yard, but Richard Reeves, director of the Future of the Middle Class Initiative at the Brookings Institution, says that what really matters is whether people feel that they can comfortably afford the “three H’s”—housing, health care, and higher education.It can take some time for the economic tectonic pressure to build sufficiently—and now the volcano is erupting.” The costs of all three H’s have soared over the past few decades, but it’s the cost of housing—usually the largest and most crucial expenditure for any family—that is fueling so much of the current discontent.",
    "intent": "Volcano"
  },
  {
    "text": "At @fonddoux Cocoa Plantation The Earl and Countess learned about the cocoa production process and how it contributes to the local economy.“Their Royal Highnesses explored the site and heard about the history, evolution and eruption of the volcano.",
    "intent": "Volcano"
  },
  {
    "text": "Professor James Scourse from Exeter University told Tech & Science Daily by looking at sediments from the ocean floor, they can date changes in the ecosystem - and the information they collect could prompt more ambitious conservation targets for the marine environment.The volcano erupted at the start of the year, and sent atmospheric shock waves, sonic booms, and tsunami waves around the world.",
    "intent": "Volcano"
  },
  {
    "text": "JUST WATCHEDWatch Italy's Mount Etna erupt lava into the night skyReplayMore Videos ...MUST WATCHWatch Italy's Mount Etna erupt lava into the night skyMount Etna, Europe's tallest active volcano at about 3,330 meters, can erupt several times a year.Source: CNNStories worth watching (15 Videos)Watch Italy's Mount Etna erupt lava into the night skyHow soaring diesel prices may impact consumersWatch Fox host react to Buffalo shootingHere's what Elon Musk may be aiming for as he puts Twitter deal on holdSnapchat CEO surprises Otis College's newest graduates by paying off their student loansRyanair CEO blasts Boeing in expletive-laden remarks about slow delivery of 737 jetsRenault and McDonald's are leaving Russia.Here's why it's significantThis mask makes breathing in virtual reality more realisticMeet the 100-year-old man who's worked at the same company for 84 yearsWatch: New 'Avatar: Way of Water' trailer just droppedAirbnb CEO: 'We're not pulling on the brakes, we're stepping on the gas' 'We started something new here': Factory gets influx of workers with unique offer$35 find at thrift shop yields an ancient pastWatch: New footage from the 'Game of Thrones' prequel 'House of the Dragon'Richard Quest: 'The market is in deep dysfunction'Are you considering going back to your old job",
    "intent": "Volcano"
  },
  {
    "text": "A study found the first archeological evidence that the Incas used ayahuasca.A new analysis found traces of the drug in the hair and toes of mummified children sacrificed in rituals.It may have been administered to the children to keep them happy for the gods, a study author told Insider.Evidence of ayahuasca She focussed on the mummies of two children — a 15-year-old, and a young child under the age of ten — found frozen in 1995 near the top of the Ampato mountain, a 20,630 ft-tall dormant volcano in the Andes Cordillera in Southern Peru.",
    "intent": "Volcano"
  },
  {
    "text": "The volcano is located in the country's southwest, on the Reykjanes Peninsula, which is known to be a seismic hotspot.Domestic flights were delayed after the eruption created a plume of smoke over the road connecting the capital to the country's largest airport.",
    "intent": "Volcano"
  },
  {
    "text": "It occurred at Orca Seamount, an underwater volcano near King George Island.The swarm lasted three months in 2020 and was triggered by a 'finger' of magma.",
    "intent": "Volcano"
  },
  {
    "text": "A Weddell seal is a delight to spot.Mark Johanson What to expect along the way Mostly, though, days on an expedition cruise along the western side of the Antarctic Peninsula (where the vast majority of ships sail) are filled with morning and afternoon shore excursions, which are scheduled the prior evening based on weather conditions.In the afternoon, we circled around to Baily Head, a promontory on the outside of the volcano, which is home to up to 100,000 breeding pairs of chinstrap penguins (making it the largest penguin colony on the Western side of the Antarctic Peninsula).",
    "intent": "Volcano"
  },
  {
    "text": " The area is about 49 miles (80 kilometers) and an hour and a half drive away from the town of Marrakech.Antillanca, Chile Antillanca Ski Resort is located in Southern Chile and is nestled on the slopes at the base of the Casablanca Volcano, surrounded by the Puyehue National Park.",
    "intent": "Volcano"
  },
  {
    "text": "Sign up for a Mirror newsletter here Google Earth users have been left stunned over the years when they spotted the phantom island, which dates back to when British explorer Captain James Cook charted a “Sandy I” off the northeast coast of Australia, the Daily Express reports.We just don't know.” There is no official explanation as to why several sightings of Sandy Island have been seen over the years, but the leading theory is that the island may have been the floating remains of a submerged volcano or coastal subaerial eruption.",
    "intent": "Volcano"
  },
  {
    "text": "Thousands in the Philippines' Albay province in the northeast peninsula of Bicol are living in shelters for an indefinite period as Mayon, the country's most picturesque, yet highly active volcano, oozes lava and remains under watch for a possible violent eruption.On the same week as the evacuations, a 5.5 magnitude earthquake that's unrelated to Mayon struck south of the capital, Manila, resulting in the temporary evacuation of office towers and high-rise buildings.",
    "intent": "Volcano"
  },
  {
    "text": "Last night, Mayon again put on a show as lava flowed from its crater,' Eugene Escobar, a disaster response official in the region, said on Monday in a TV interview.'It's the first time in my life that I'm seeing Mayon, and there's volcanic activity,' said Filipino tourist Joseph Palasigue from the capital Manila, which is around half a day's drive away.",
    "intent": "Volcano"
  },
  {
    "text": "Before the protest, Edward and Sophie received their second red carpet and guard of honour of the tour after landing in St Vincent and the Grenadines on Saturday, as scouts, girl guides and cadets waved the national flag.Sophie, who is a global ambassador for the International Agency for the Prevention of Blindness, included it as part of schedule in order to continue her work championing the need for for support and equality for blind and partially sighted people.",
    "intent": "Miscellaneous"
  },
  {
    "text": "After we’d settled into our Airbnb near the town of Renaison – a house belonging to probably the most welcoming and generous family I have ever met in France – we ventured out to the local reservoir to see its biggest claim to fame: the tallest tree in France.The end of the main street looks out across the valley towards the Chaîne des Puys, the row of extinct volcanoes for which the Auvergne is most famous.",
    "intent": "Miscellaneous"
  },

  {
    "text": "The authors said: “Overall subsidence of the caldera floor, ongoing since late 2015 or early 2016, continued at rates of a few centimetres (1–2 inches) per year, whereas deformation in the Norris Geyser Basin area was below detection levels.“Satellite deformation measurements indicate the possibility of slight uplift amounting to about 1 centimetre (less than 1 inch) along the north caldera rim, south of Norris Geyser Basin.” READ MORE: Yellowstone volcano simulation study: 'Virtually nothing you can do",
    "intent": "Miscellaneous"
  },

  {
    "text": "After we’d settled into our Airbnb near the town of Renaison – a house belonging to probably the most welcoming and generous family I have ever met in France – we ventured out to the local reservoir to see its biggest claim to fame: the tallest tree in France.The end of the main street looks out across the valley towards the Chaîne des Puys, the row of extinct volcanoes for which the Auvergne is most famous.",
    "intent": "Miscellaneous"
  },
  {
    "text": "Entering into the newly-refurbished lobby, with its marble-topped bar, velvet sofas and views right out to the beach at the fringes of the resort, I’m welcomed with a tart passion fruit cocktail, the first of many taste explosions to come.On my trip, the whales and dolphins are so close I can almost reach out and touch them as they duck and dive beneath the net of the catamaran and leap from the pearlescent waters on all sides.",
    "intent": "Miscellaneous"
  },
  {
    "text": "BASF, activists say, listened to the coalition's concerns, beginning an 'intense and productive dialog' that continued up until the war, according to Pavel Sulyandziga, the president of the Batani Foundation, one of the Russian Indigenous groups in the coalition.The conflicting pressures BASF and the European EV industry face with respect to Russian nickel are a microcosm of a challenge the entire world faces as the clean energy transition ramps up: how to balance securing the metals and minerals needed for that transition with the environmental and social harms caused by mining.",
    "intent": "Miscellaneous"
  },
  {
    "text": "News Politics World Sport Technology Business Money Opinion Obituaries Travel Culture Lifestyle Women Family Health and Fitness Fashion Luxury Cars Free Mobile App UK Voucher Codes US Coupons Jobs Financial Solutions Rewards Events Dating Offers Shop Garden Shop Bookshop Tickets Puzzles Fantasy Football Fantasy Rugby Work at The Telegraph Telegraph Corporate The Telegraph logo News Ukraine Sport Business Opinion Money Life Style Travel Culture Search Icon Subscribe now Free for one month Log in See all Travel UK holidays Dream Trips Destinations Destinations home France Spain Italy Europe North America South America Caribbean Africa Asia City guides City guides home Marrakech Lisbon Copenhagen Venice Amsterdam Paris Rome New York Barcelona Hotels Hotels home Hotel latest UK Europe North America Asia Africa South America Oceania Cruises Cruises home News River cruises Caribbean Mediterranean Luxury Adventure Adventure home Rail journeys Solo travel Safaris and wildlife Skiing Camping Walking holidays Escorted tours Exclusive tours Ask the experts Ask the experts home Travel news Travel truths Offers Telegraph Travel Destinations North America Canada Vancouver Vancouver Articles | Telegraph Travel How to spend a weekend in Vancouver Save Save Vancouver is a modern, multicultural city between mountains and the sea Credit: Aolin Chen Nikki Bayley, destination expert 23 April 2022 • 5:00pm Vancouver easily earns its reputation as one of the world’s most beautiful cities, surrounded by the sea and hugged by soaring mountains – reflected in seemingly endless gleaming glass skyscrapers.Experience Vancouver with The Telegraph Related Topics Vancouver Canada North America Show more Follow The Telegraph Facebook icon Follow on Facebook Twitter icon Follow on Twitter Instagram icon Follow on Instagram LinkedIn icon Follow on LinkedIn Read more 17 Jan 2020, 11:14am Vancouver Island: Why this entrancing bolthole has captured Meghan's heart 17 Jan 2020, 10:00am An exploration to the remote bay where Cook landed on his final voyage in 1778 06 Jul 2018, 2:11pm Why North America's greatest city should be your next holiday destination 27 Jun 2018, 3:35pm 10 of the world's best urban swimming pools 08 Mar 2018, 9:33am Six incredible adventures that are just for women Follow The Telegraph Facebook icon Follow on Facebook Twitter icon Follow on Twitter Instagram icon Follow on Instagram LinkedIn icon Follow on LinkedIn Book your trip 16 Dec 2020 Browse Telegraph Travel's selection of escorted tours in Canada Best Canada Tours 2019 View all tours Browse Telegraph Travel's selection of ocean cruises in Canada Canada ocean cruises View all ocean cruises Canada latest 23 Apr 2022, 4:27pm The 20 best family holidays abroad for 2022 28 Mar 2022, 3:04pm Ski holiday tracker: The latest Covid rules in ski resorts and travel advice 06 Mar 2022, 11:00am How a brush with an armed Italian policeman gave me my first taste of a big, serious world 23 Feb 2022, 12:45pm Snow report: Where to book a late-season ski holiday for the best conditions 22 Feb 2022, 5:44pm The complex rules around vaccination and ski holidays: a country-by-country guide 22 Feb 2022, 12:21pm Travel to Canada: latest Covid rules and practical guidance 22 Jan 2022, 5:00am 20 life-changing trips – and how to make them count 11 Jan 2022, 12:55pm The 10 most in-demand holiday destinations for 2022 – and how to visit them 30 Dec 2021, 10:00am How our favourite holiday destinations have changed in 2021 29 Dec 2021, 1:00pm The 10 best ski resorts in Canada 28 Dec 2021, 5:14pm Day-by-day checklist of every hoop you need to jump through for your ski holiday 13 Dec 2021, 4:27pm 20 supercharged holidays for the greener traveller 12 Dec 2021, 2:00pm Why a red jacket is my travel attire of choice 11 Dec 2021, 8:00am 20 wonderfully wintry holidays to embrace the thrill of the cold 10 Dec 2021, 11:05am The destinations where vaccine rules are keeping British families out 02 Dec 2021, 4:21pm 10 reasons why the Rocky Mountaineer is Canada's greatest adventure 30 Nov 2021, 9:00am The best accommodation in Whistler 28 Nov 2021, 12:00pm Why Christmas is the most wonderful time of year to ski, plus the best last-minute deals 26 Nov 2021, 1:08pm Will Europe’s ski resorts remain open this winter – and should I cancel my holiday?",
    "intent": "Miscellaneous"
  },
  {
    "text": "As travel restrictions have eased since the peak of the pandemic, the Greek islands’ wide-open blue beckons this spring and summer — with the opportunity to focus less on Instagrammable snapshots and more on chatting with a taverna owner over a cold glass of tsipouro, the potent Greek spirit, while waiting for take-out octopus.From least traveled to most jet-setting, these are my favorite four: ASTYPALEA, pirates’ treasure As the ferry reached the middle point of this butterfly-shaped island, I felt a momentary pang — had I really just traveled 10 hours from Athens, the country’s monument-filled capital and air/ferry travel hub, for barren mountains and a solitary dolphin playing in the waves?",
    "intent": "Miscellaneous"
  },
  {
    "text": "Kinsawan says the menu will remain largely the same as their Riverwest location, offering a combination of Lao and Thai dishes from popular standards like pad thai, volcano chicken and curries to Lao style pork ribs, Lao sausage, larb and khaopoon.“And we’re excited to open a second location where guests can sit down and enjoy our food hot and fresh.” Kingsawan says they are currently working on implementing some cosmetic changes to the space, which he says will reflect a more natural look overall, but will display a few pieces of local artwork and neon signs on the walls.",
    "intent": "Miscellaneous"
  },
  {
    "text": "The reception was the warmest the couple have received on their Caribbean tour – with one man saying to Edward: “I salute you, my prince.” The earl spoke to a road sweeper with a broom who was stood in front of the small crowd, and joked “I hope you keep this lot in order” while pretending to wave the broom.The earl and countess were also urged to use their “diplomatic influence” to provide “reparatory justice” by the prime minister of Antigua and Barbuda during a visit to the country on Monday.",
    "intent": "Miscellaneous"
  },
  {
    "text": "The men proceeded to build an enclosure at the mouth of the cave across the stream below and covered the wall and roof tightly with foliage.The men harvesting the bats had only seconds to get away to safety on high ground because the flood came with a ferocious speed and washed away the harvest platform with thousands of bats inside.",
    "intent": "Miscellaneous"
  },
  {
    "text": "Best: For vintage charm Probably one of the best names for a perfume ever cooked up, this scent waltzes in flashing its wares like a can-can dancer, with a riotous blend of florals, enveloping musk and powdery notes which give it the cheeky charm of a vintage pin up girl.The scent is named in honour of perfumer Sarah McCartney’s Northern Methodist grandmother, who according to the perfumer: “would declare that anyone whose perfume you could smell on the bus was ‘up to no good’ and probably out to steal someone else’s husband.” Best: For eccentricity For people who typically loathe “fashion house fragrances” – usually consisting of some generic sugary blandness – this is the ultimate antidote.",
    "intent": "Miscellaneous"
  },
  {
    "text": "The spectacular Midsommar (2019), written and directed by Eggers’s peer in elevated horror, Ari Aster, both condemns the violence of the neo-Norse cult at its center but also celebrates its “healthier,” unflinching approach to grief and death compared to the suppressed Americans it victimizes.But, in the end, just as Amleth favors Odin, god of war, and rejects the fertility god Freyr (whom he derides as the “god of erections”), what the film truly glories in is battle and death, not love and family.",
    "intent": "Miscellaneous"
  },
  {
    "text": "For a recent study in the Proceedings of the National Academy of Sciences USA, researchers probed a lake bed near the ancient Maya city of Kaminaljuyú to investigate another possible stressor: harmful algae in the water supply.Together with research on the makeup of ancient algae blooms, Waters adds, the study “starts to build a case that water quality and water potability need to be added to the list of environmental stressors” on Maya civilization.",
    "intent": "Miscellaneous"
  },
  {
    "text": "As part of his plea bargain, Kotey is expected to spend 15 years in jail in the US and then may be sent to the UK to serve the remainder of his sentence, where he may face further charges relating to the killings of Mr Henning and Mr Haines.Kotey was sentenced on eight counts – four counts of hostage-taking resulting in death; conspiracy to commit hostage-taking resulting in death; conspiracy to murder United States citizens outside of the United States; conspiracy to provide material support to terrorists, hostage-taking and murder, resulting in death; and conspiracy to provide material support to a designated foreign terrorist organisation resulting in death.",
    "intent": "Miscellaneous"
  },
  {
    "text": "I have no pity for them and hope they are forced to think about (the things they have done) and regret them for the rest of their lives.” Ms Haines also quoted words of the prophet Muhammad to the pair before telling them: “No matter what you say, this was not about religion.” Dragana Haines told both Kotey and Elsheikh that she hoped they lived “for 200 years” with their crimes.“Throughout this all I have lost my faith in God and my faith in my government.” He added that the sentence imposed on Kotey had restored his faith in government and the US legal system, also praising the terrorist’s attorneys, adding “without them the system doesn’t work”.",
    "intent": "Miscellaneous"
  },
  {
    "text": "IT has been a fascinating read learning the story of the blue bricks,” says Paul Dobson, referring to the scoria bricks which were made from the silvery-blue slag from the bottom of Teesside’s blast furnaces in the late 19th Century.Woodward set up the Tees Scoria Brick Company and really hit the big time in the 1890s, when local councils realised his waterproof bricks would be good to replace the filthy soil in the overcrowded yards and back lanes – all the mud, blood, dung, disease and refuse could be flushed off them.",
    "intent": "Miscellaneous"
  },
  {
    "text": "Look at the number of people that went to see that Russell Crowe-in-a-truck film, because, “Hey, cinemas are open and Russell Crowe’s in a truck!” As for the best experience of seeing things with an audience, when we saw Gaspar Noé’s Irréversible at the Edinburgh film festival, the guy in front of me fainted and I had to carry him out of the auditorium.Make the person you’re talking to feel as though they’re the only person that you’re going to talk to, and give a little bit more than they’re expecting.” One time I was interviewing him, and I said to him: “What are you working on next?” And he said: “Well, it’s funny, the other day I was on the phone to Clint Eastwood…” and then he did a Clint Eastwood impression to round off the interview.",
    "intent": "Miscellaneous"
  },
  {
    "text": "However, there are ways in which secrecy may ultimately be obtained for the radio link of a telephone system.” Denial, Pre-Hindenburg “There can be no question that the tragic loss of the ‘Roma,’ following all too closely upon the disaster to ‘ZR-2,’ has raised doubt as to whether lighter-than-air ships are practicable and safe.Bearing this in mind, we venture to state that there is nothing so far disclosed with regard to the wreck of these two ships which justifies the belief that transportation by this means is a dream which can never be realized on a large and profitable scale.” The spectacular fireball that consumed the LZ 129 Hindenburg on May 6, 1937, effectively ended the age of airship travel.",
    "intent": "Miscellaneous"
  },
  {
    "text": "Skate 100 is described by Antrim and Newtownabbey Borough Council as “one of the largest skate parks in the UK and Ireland”.Read more:Plans announced for new housing and retail units in the centre of Glengormley It had been first mooted by the legacy Newtownabbey Borough Council.",
    "intent": "Miscellaneous"
  },
  {
    "text": "This is why we are building longer tables and gathering more and more people to sit at them, to share this belief.” One of the most difficult things Andrés has witnessed on the ground is “the many, many goodbyes of fathers and their families”, as most Ukrainian men between the ages of 18 and 60 have been banned from leaving the country.It brings tears to my eyes.” People leaving Ukraine, he says, “are escaping tragedy to reach a place of uncertainty.” “We have seen this in other places in the world, the huge burden it places on a mother, on a grandmother, a sister or a brother, to leave everything behind and have the faith that things will be okay,” he says.",
    "intent": "Miscellaneous"
  },
  {
    "text": "From a yurt in Alaska to a woodland treehouse in England to glamping in Australia, each is available to rent for that perfect getaway.Phoenix House Pahoa, Big Island, HawaiiPerched on an ebony lava flat, this two-story off-the-grid home combines solar-powered electricity, a rainwater catchment system, recycled materials and biomimicry into a comfy modern beach house surrounded by what appear to be ocean waves but is in fact, gleaming hardened lava.Orca Island Cabins Seward, AlaskaYurts are already eco-friendly—they are easy to dismantle and require almost no land development to install—but the seven glamping yurts at this private island eco-resort in Resurrection Bay ramp up the sustainability factor with solar power and composting toilets.Zion Eco-Cabin Hurricane, UtahInside this mini A-frame facing the southern flank of the Canaan Mountain Wilderness and its rainbow-hued bluffs and mesas is a compact solar-powered studio space with a hinged glass wall that pops up, flip-phone-style to open the space.Knowlton and Co. Treehouse Durham, CanadaOnly six trees were trimmed while building this fort, and the reclaimed materials used to build it include walls and floors salvaged from an old barn and windows (one stained glass) rescued from a church set to be demolished.The once-rough interior has been transformed into a homey, ultrastylish (tree)house in the forest wilds of Ontario.EcoCamp Patagonia Torres del Paine National Park, ChileThe multihued layers of rock at the Torres del Paine National Park in Patagonia are your backyard at this camp where hydro and solar power provide 95 percent of the energy.",
    "intent": "Miscellaneous"
  },
  {
    "text": "Skate 100 is described by Antrim and Newtownabbey Borough Council as “one of the largest skate parks in the UK and Ireland “.The V36 Urban Sports Park is a project supported by the European Union’s PEACE IV Programme, managed by the Special EU Programmes Body (SEUPB).",
    "intent": "Miscellaneous"
  },
  {
    "text": "The economic risk levels ranged from 0% of GDP (indicating that the economy will likely not be exposed to climate hazards) to 100% of GDP (the entire economy could be exposed to climate hazards).In sub-Saharan Africa, for instance, higher-income and service-driven countries like Botswana and South Africa, which are at the tip of the continent, have 19% and 0% GDP exposure; low-income countries like Ethiopia and Burkina Faso that rely more on agriculture and industry and sit just above the equator, have 93% and 99% GDP exposure, respectively.",
    "intent": "Miscellaneous"
  },
  {
    "text": "The best bit is it’s all on the doorstep of the tartan-and-toffee-tin spectacle of the Royal Mile, the city’s wonkily brilliant street of tolbooths and trapped-in-time townhouses.The lofty location can’t be beaten, but it’s the subtle touches of the property’s history – which capture moments from the history of Scottish photography and art – that are the standouts.",
    "intent": "Miscellaneous"
  },
  {
    "text": "Just think, you will get to see all of Ryan’s trademark charm and hot-headed sparkiness, but tempered with a lifetime of love, loss and regret.Do say: “All the best romcom stars are back.” Don’t say: “Is Paris Hilton available for The Hottie & the Nottie 2?",
    "intent": "Miscellaneous"
  },
  {
    "text": "Let’s take a look at the most common behavior issues that arise during the end of the school year and how we can manage the behaviors to end the school year on a positive note.You ask him to turn it off and remind him of class expectations, and he looks at you and says “no.” In your mind, you’re thinking a million things, and on the exterior, you’re trying to keep it cool and think of how to respond.",
    "intent": "Miscellaneous"
  },
  {
    "text": "Historic building The Fair Maid’s House, parts of which date back to 1475, was made famous by Sir Walter Scott’s popular novel The Fair Maid of Perth.The house is now home to the Royal Scottish Geographical Society’s collections and also features displays on geographical issues, explorers and the history of the society.",
    "intent": "Miscellaneous"
  },
  {
    "text": "The attraction is open from 10am until 6pm, the same time as the park opening which gives you plenty of time to explore all of the Mythica Land and meet all the other creative and weird creatures dotted across the land.(Emilia Kettle) You can even try the Flight of The Sky Lion ride that lets you soar through the sky and meet all the amazing creatures that call The Magical Forest home, in the UK's first-ever flying theatre ride.",
    "intent": "Miscellaneous"
  },
  {
    "text": "The road got its name in the aftermath of the Radical War of 1820.This includes a number of options including the permanent closure of the path to the general public and scoping the feasibility of intervention methods.",
    "intent": "Miscellaneous"
  }
]
