[
  {
    "text": "The officers then violently yanked Ms. Young and her nephew from the vehicle and physically beat her, and him, in the street, causing significant injuries.\u201d According to a statement from the district attorney, Mr. Kardos is accused of pulling Ms. Young out of her sport utility vehicle by her hair, \u201cafter which she was struck by fists, batons and a number of unknown objects.\u201d Ms. Young was never charged.Ms. Young\u2019s lawyers in September filed the case in Philadelphia County Court of Common Pleas against the national group for a since-deleted social media post it made that stated the child was \u201cwandering around barefoot in an area that was experiencing complete lawlessness.\u201d The post, which showed an officer hugging the child, stated, \u201cThe only thing this Philadelphia Police Officer cared about in that moment was protecting this child.\u201d",
    "intent": "Miscellaneous"
  },
  {
    "text": "On Tuesday, it was announced that the \"Full House\" actor signed a mega-deal with Great American Country Media (GAC) to develop, produce and star in TV shows and movies for their networks while also \"overseeing and curating programming,\" according to Variety.RELATED: Hallmark movies are fascist propaganda According to a report from The Daily Beast, both GAC Family and GAC Living were purchased by an investor group led by Thomas Hicks, whose private equity firm also sought to acquire the \"mega-MAGA\" channel One American News Network (OANN) and the conservative news channel Newsmax TV.",
    "intent": "Miscellaneous"
  },
  {
    "text": "\u2018We are walking a very tight line between tackling inflation, and the output effects of the real income shock and the risk that it could create a recession and push us too far down in terms of inflation.\u2019 Even so, he added that it was \u2018critical that we do support the Ukrainians\u2019.We just roll our sleeves up and get on with it.\u2019 The Bank of England has hiked rates three times in recent months, from their pandemic low of 0.1 per cent to 0.75 per cent, as it steps up its battle against inflation.",
    "intent": "Miscellaneous"
  },
  {
    "text": "Warning: Graphic content Death threat to Lennox Lewis In the buildup to a 2002 fight with Lennox Lewis, Tyson declared his goal was to \u201cfight professionally but to kill him.\u201d It was not the only death threat issued by Tyson, who said of Donovan Ruddock before their 1991 fight: \u201cIf he doesn\u2019t die, it doesn\u2019t count.If he\u2019s not dead, it doesn\u2019t count.\u201d Battles with drug addiction In his book, \u201cUndisputed Truth,\u201d Tyson admits to battling with substance abuse and addiction throughout his early years and career, going so far as saying he was a \u201cfull-blown cokehead,\u201d and cheated his way through drug tests, sometimes even fighting while still under the influence of cocaine.",
    "intent": "Micscellaneous"
  },
  {
    "text": "JUST WATCHEDObama warns the foundation of democracy is at risk like never beforeReplayMore Videos ...MUST WATCHObama warns the foundation of democracy is at risk like never beforeFormer President Barack Obama called on tech companies to provide greater transparency about the way they promote content and for stricter regulation of the industry to combat what he called the \"disinformation problem.\"Source: CNNLatest Videos (16 Videos)Obama warns the foundation of democracy is at risk like never beforeText messages reveal Utah senator lobbied WH to overturn electionMcCarthy was going to tell Trump to resign, new book reportsCollege pitcher levels baserunner after giving up home runEscaping the Russians: Volunteer braves artillery to evacuate Ukrainians 'We have been living in terror': Muslims in New Delhi say they are being targeted'Blood was just pouring out': Depp on altercation with Amber HeardSurvivors in Kyiv detail brutal attack from Russian forcesRussia releases video of intercontinental ballistic missile testRussian tycoon stands against war calling Russia 'riddled with corruption'Zelensky's reaction to Trump's 2019 remark gets renewed attention'A blatant and cynical lie!",
    "intent": "Micsellaneous"
  },
  {
    "text": "JUST WATCHEDWhy this big target is crucial to Putin's plansReplayMore Videos ...MUST WATCHWhy this big target is crucial to Putin's plansCNN's Brian Todd and military analyst retired Col. Cedric Leighton explain why the city of Mariupol is such a crucial target for Russian President Vladimir Putin.': Dad of Moskva sailor lashes out at Russian governmentUkraine releases purported communications of Russian commanderUkrainians flee Mariupol but can only gain safe passage through RussiaThis is the devastation Russian occupation left behind in Borodianka'My kid's teeth are starting to spoil': Children hiding from Russian bombardment in basement Experts weigh in on psychological warfare Ukraine is waging against Russia'Neither disciplined nor comfortable': CNN reporter tours abandoned Russian military campNew images appear to show final moments of Russian warshipVideo shows missile overhead in LvivRussian actor speaks out after mother disowns him for not supporting war Fleeing to Russia and using smugglers: How one Ukrainian family escaped to safetyUkrainian musician lifts his country's spiritsLongtime Putin critic explains what has to happen for Putin's inner circle to turn on himZelensky: It is very important we win battle for DonbasSee what foreign leader said after meeting with PutinSee More Why this big target is crucial to Putin's plansSituation RoomCNN's Brian Todd and military analyst retired Col. Cedric Leighton explain why the city of Mariupol is such a crucial target for Russian President Vladimir Putin.",
    "intent": "War"
  },
  {
    "text": "JUST WATCHEDCNN travels with Ukrainian IED team hunting for land minesReplayMore Videos ...MUST WATCHCNN travels with Ukrainian IED team hunting for land minesCNN's Phil Black travels with Ukrainian soldiers that are collecting the active munitions Russian forces left behind.Source: CNNRussia-Ukraine conflict (15 Videos)CNN travels with Ukrainian IED team hunting for land mines'A blatant and cynical lie!': Dad of Moskva sailor lashes out at Russian governmentUkraine releases purported communications of Russian commanderUkrainians flee Mariupol but can only gain safe passage through RussiaThis is the devastation Russian occupation left behind in Borodianka'My kid's teeth are starting to spoil': Children hiding from Russian bombardment in basement Experts weigh in on psychological warfare Ukraine is waging against Russia'Neither disciplined nor comfortable': CNN reporter tours abandoned Russian military campNew images appear to show final moments of Russian warshipVideo shows missile overhead in LvivRussian actor speaks out after mother disowns him for not supporting war Fleeing to Russia and using smugglers: How one Ukrainian family escaped to safetyUkrainian musician lifts his country's spiritsLongtime Putin critic explains what has to happen for Putin's inner circle to turn on himZelensky: It is very important we win battle for DonbasSee what foreign leader said after meeting with PutinSee More CNN travels with Ukrainian IED team hunting for land minesThe LeadCNN's Phil Black travels with Ukrainian soldiers that are collecting the active munitions Russian forces left behind.Source: CNN",
    "intent": "War"
  },
  {
    "text": "The reception of her tour marks a contrast to the recent tour by the Duke and Duchess of Cambridge of the Caribbean, where they faced backlash on their seven-day trip.It comes after the Queen and the Royal Family on Saturday marked the first anniversary of the Duke of Edinburgh's death.",
    "intent": "Miscellaneous"
  },
  {
    "text": "A leader clad in black claims President Vladimir Putin ordered the unit to \"destroy and purge\" the city.The video, which has been widely shared on social media, shows the unit celebrating with a leader in distinct black tactical gear.A Ukrainian news agency, Ukraine World, reported that the leader in the video yelled, \"An order to destroy and purge Mariupol is fulfilled.The strategically important administration building of the Azovstal plant has been taken under control, and all adjacent territory has been cleared,\" Kadyrov said according to TASS.Kadyrov told TASS that Ukrainian soldiers have \"been blocked\" under concrete and steel inside the plant.Thousands of citizens have died in Mariupol and nearly 2,000 others were taking shelter in the Azovstal plant, according to Ukrainian authorities.Since claiming seized the plant, Russian forces have not explicitly said what has happened to the Ukrainian citizens who were there taking shelter.",
    "intent": "War"
  },
  {
    "text": "My baby is now 15 months old and hasn\u2019t been vaccinated because we\u2019ve been on the run all this time in the jungle.\u201d Lack of medical care since coup Before the coup, Myanmar\u2019s regional Ministries of Health under the democratically elected National League for Democracy government organized routine immunizations for children through hospitals, clinics and rural health centers.Losing children means losing key human resources needed to rebuild the country.\u201d The United Nations Children\u2019s Fund said in February that nearly 1 million children in Myanmar are deprived of access to routine immunizations, while around 5 million are at risk of contracting disease due to a lack of vitamin supplements.",
    "intent": "Miscellaneous"
  },
  {
    "text": "\u201cFrom climate change to energy security to defence, the partnership of our democracies is vital as the world faces growing threats from autocratic states.\u201d Mr Johnson on Thursday committed to supporting India to build fighter jets in a bid to reduce the amount of arms the nation buys from Russia.\u201cOur collaboration on the issues that matter to both our countries, from climate change to energy security and defence, is of vital importance as we look to the future.\u201d India has declined to be critical of its former Cold War ally Russia and has abstained from voting in United Nations resolutions condemning Moscow.",
    "intent": "Miscellaneous"
  },
  {
    "text": "\u2018We are walking a very tight line between tackling inflation, and the output effects of the real income shock and the risk that it could create a recession and push us too far down in terms of inflation.\u2019 Even so, he added that it was \u2018critical that we do support the Ukrainians\u2019.We just roll our sleeves up and get on with it.\u2019 The Bank of England has hiked rates three times in recent months, from their pandemic low of 0.1 per cent to 0.75 per cent, as it steps up its battle against inflation.",
    "intent": "Miscellaneous"
  },
  {
    "text": "Goldman alerted the territory\u2019s Securities and Futures Commission three years ago as part of an \u201cinformal\u201d discussion about price drops in the stocks of a small number of Hong Kong-listed companies that occurred shortly before Morgan Stanley brought blocks of shares to market, one of the people said.In Hong Kong, part of the attention from rival banks in 2020 focused on Morgan Stanley\u2019s block trades for companies including WuXi Biologics, a Chinese pharmaceutical company, according to two people close to the matter.",
    "intent": "Miscellaneous"
  },
  {
    "text": "\u201cMany of them assure us that now that the mask mandate is off, everything is going to be fine, and I trust that the vast majority of them will.\u201d American Airlines Chief Government Affairs Officer Nate Gatten told reporters that \u201cin most cases,\u201d people who were banned over masks will be allowed back, but that won\u2019t extend to the worst offenders.The president of the Transport Workers Union, which represents workers across the airline industry, including flight attendants at Southwest, also complained that the carriers did not consult the union or provide a plan for protecting crew members.",
    "intent": "Miscellaneous"
  },
  {
    "text": "Life has taken me in the Afropolitan direction, I wave the Sierra Leone flag and represent the motherland, and I don\u2019t need anyone to return that because it\u2019s not a favor, it\u2019s my duty.To survive that situation and then have the opportunity to live and learn in the United States, record albums and write books in Canada, and now be a diplomat residing within the European Union?",
    "intent": "Miscellaneous"
  },
  {
    "text": "\u201cIt\u2019s an abomination to everybody and today we are here to pray for them, pray for their souls, so that God may give them rest,\u201d said Michael Shwec, the president of the Ukrainian Canadian Council of Quebec.\u201cIf the free world doesn\u2019t do something to help Ukraine win this war, there\u2019s going to be some very, very bad things happening to democracies all over the world.\u201d People who attended the vigil and organizers say they will continue to gather as long as the war is ongoing.",
    "intent": "War"
  },
  {
    "text": "\u201cWhat an amazing day of celebrations for the most inspirational Head of State, leader, Wife, Mother, Granny, Great Granny and Mother in Law.\u201d The Duchesses warm and positive comments about the Queen caused royal fans to take to social media to discuss the sweet wishes.I love you dearly and you are my idol .",
    "intent": "Miscellaneous"
  },
  {
    "text": "And it\u2019s cool that you can see this eclipse exactly as the rover saw it from Mars.\u201d The tidal forces of Phobos\u2019 gravity tug on the red planet\u2019s crust and mantle, slightly deforming the Martian rock.\u201cThe delta at Jezero Crater promises to be a veritable geologic feast and one of the best locations on Mars to look for signs of past microscopic life,\u201d said Thomas Zurbuchen, the associate administrator of NASA\u2019s Science Mission Directorate, in a statement.",
    "intent": "Miscellaneous"
  },
  {
    "text": "\u201cFrom climate change to energy security to defence, the partnership of our democracies is vital as the world faces growing threats from autocratic states.\u201d Mr Johnson on Thursday committed to supporting India to build fighter jets in a bid to reduce the amount of arms the nation buys from Russia.\u201cOur collaboration on the issues that matter to both our countries, from climate change to energy security and defence, is of vital importance as we look to the future.\u201d India has declined to be critical of its former Cold War ally Russia and has abstained from voting in United Nations resolutions condemning Moscow.",
    "intent": "Miscellaneous"
  },
  {
    "text": "\u201cOur physical and biological world is transforming before our eyes and that\u2019s what these images are emphasising and so there\u2019s absolutely no time to waste.\u201d The Great Barrier Reef went through its sixth mass bleaching event in March with aerial surveys showing almost no reefs across a 1,200km stretch escaping the heat \u2013 the first known to have occurred during a La Ni\u00f1a year.Elsewhere artefacts long-entombed in the Italian Alps are being revealed as the ice melts, leading to the discovery of equipment left behind by soldiers camped out on the peaks during the first world war and a 5,300-year-old crime scene when the mummified body of \u00d6tzi was found by hikers.",
    "intent": "Miscellaneous"
  },
  {
    "text": "They briefly discussed the prospect of Trump\u2019s Cabinet invoking the 25th Amendment, which would allow Trump to be immediately removed from office, and McCarthy revealed he had spoken to Trump within the previous \u201ccouple days.\u201d A spokesperson for McCarthy did not immediately respond to a request for comment.For McCarthy, the appearance of the audio recording from the days following the attack could weigh on his bid to become the next speaker of the House, a possibility if Republicans retake the chamber, as they\u2019re now favored to do.",
    "intent": "Miscellaneous"
  },
  {
    "text": "He has a distinguished track record in both public and private service, and will ensure the highest standards of governance and accountability as a hugely experienced chair of other major boards.\u201d In October 2019, Sir Ian made headlines when he said Boris Johnson\u2019s Brexit deal was \u201cacceptable\u201d and urged the country to get on with it, warning of the risks of further delay to consumer and investor confidence.He was knighted in the 2014 New Year Honours for services to \u201cbusiness, sustainability and the environment\u201d and is a Chevalier of the Ordre National du Merite of France.",
    "intent": "Miscellaneous"
  },
  {
    "text": "Macgregor, who served in the Gulf War, predicted on \"Tucker Carlson Tonight\" that despite $1 billion in weapons and other aid being to Ukraine paid for by American tax dollars, that will not be enough to turn the tide.He analyzed the battlefield and told host Tucker Carlson the military fighting going on in the eastern Donbas region and stretching along the seacoast is the \"final annihilation of what remains of Ukraine's best forces\" in that area.",
    "intent": "War"
  },
  {
    "text": "But Amanda, who is an award-winning British wine and travel writer who has lived in South America since 2009, states in her highly regarded The South America Wine Guide (a book that has already won as well as was nominated for a couple of prestigious awards), \u201cMaule is the grassroots of Chilean wine\u201d and she continues by addressing that the region was erroneously seen as only having potential for cheap, bulk wine, as the \u201chumble farming\u201d families of Maule were no match for the \u201csexy new cool-coast regions\u201d.Chile became known for its Cabernet Sauvignon, Merlot and eventually Carm\u00e9n\u00e8re -people realized in the mid-90s much of the Merlot they loved was actually Carm\u00e9n\u00e8re, as all the vines came from Bordeaux and Carm\u00e9n\u00e8re is the lesser-known of the red Bordeaux varieties- and so if any wine drinker was going to have a Chilean wine from an atypical variety it was going to be Carm\u00e9n\u00e8re, and that still holds true for many wine drinkers today.",
    "intent": "Miscellaneous"
  },
  {
    "text": "This is rich, with his party on the brink and his former VP on the ropes, Barack Obama thinks that he's going to turn the tide by attacking the few news sources in the United States that are actually telling the truth about the results of his party's policies.Even when the CCP is starving twenty-five million people in Shanghai, even when they're crushing freedom in Hong Kong or funding Russia's assault on Ukraine, spreading anti-American bile online, covering up the truth about COVID and imprisoning the Ughyurs, bankrolling Russia's war in Ukraine.",
    "intent": "Miscellaneous"
  },
  {
    "text": "The call went out and Dunbier, who lives in San Marcos, quickly signed up the biggest names in the U.S. comic book industry to collaborate on a special anthology to raise money for Ukrainian war refugees.The front of the hardcover edition, selling for $60, was painted by Alex Ross, one of the industry\u2019s best-known cover artists, with a blue-and-yellow-clad Ukrainian standing up to a faceless giant brandishing a hammer and sickle.",
    "intent": "War"
  },
  {
    "text": "The mandate was adopted after Dr. Cheryl Bettigole, the city's health commissioner, said at a board meeting that the city could be on track to experience another COVID-19 wave similar to one that recently swept over Europe.While COVID-19 hospitalizations remained low at 46, Bettigole said case counts had increased by 50 percent over the last 10 days, triggering the mask mandate in hopes of getting ahead of a potential wave.However, on Saturday a group of businesses and individuals filed a lawsuit in state court arguing that the city lacked the legal authority for the mandate.\"Philadelphia's mask mandate also went into effect the same day a federal judge in Florida struck down a federal requirement that facial coverings be worn on airplanes and Amtrak trains.The sudden reversal of the requirement was met enthusiastically by many travelers, as the White House offered confusing messaging on masking, which has become a culture war battlefield.The CDC has recommended people wear masks on planes.",
    "intent": "Miscellaneous"
  },
  {
    "text": "CHICAGO\u2013(BUSINESS WIRE)\u2013Logiwa, the leading cloud fulfillment platform for high-volume direct-to-consumer businesses, just announced the addition of a VP of Customer Success and Operations and a VP of Strategic Alliances in the U.S. to its leadership team as the company continues its rapid growth in 2022.As we continue to grow Logiwa\u2019 presence in the WMS market space, we knew we needed to maintain competitive technology as well as top-tier partnerships and customer support to meet our clients\u2019 needs,\u201d said Erhan Musaoglu, CEO & Founder of Logiwa, \u201cThat\u2019s why we are so thrilled to have Mike LaMark and Chris Aschman helping guide Logiwa into the future.\u201d About Logiwa Logiwa is the leading cloud fulfillment software for high-volume direct-to-consumer brands, wholesalers, and 3PLs.",
    "intent": "Miscellaneous"
  },
  {
    "text": "To offer one example, Labour MP Catherine West asked in December 2021:\u201dWill the prime minister tell the house whether there was a party in Downing Street on November 13?\u201d Boris Johnson replied: \u201cNo, but I am sure that whatever happened, the guidance was followed and the rules were followed at all times.\u201d The \u201cno\u201d could be taken as Johnson declining to \u201ctell the house\u201d whether there had been a party rather than engaging on the question of whether there was one at all \u2013 a very literal response to the question.In one of his lectures on ethics, Kant is reported to have used the following example: \u201c[A] Mennonite swore an oath that he had handed over the money he owed to his creditor, and in a literal sense he could swear it, for he had hidden that very sum in a walking stick and asked his adversary to hold it.\u201d Here the true statement of the Mennonite deceives its addressees by suggesting that it is meant to convey something else than what it actually refers to.",
    "intent": "Micellaneous"
  },
  {
    "text": "They are done in the misguided belief that to be lesbian, gay, bi, or trans is wrong, and that it is better to be straight, not trans.Either way, they should similarly be met with compassion and kindness, and have all the space they need to talk about how they\u2019re feeling with support where needed, so they can be comfortable in their skin.",
    "intent": "Miscellaneous"
  },
  {
    "text": "\u201cAnd then today, as we told you, the secretary of the treasury announced they were sending half a billion to pay the salaries of Ukrainian government workers.\u201d \u201cShouldn\u2019t we have an audit of Zelenskyy\u2019s finances first?\u201d He immediately followed his statement by mocking those who criticize him for repeatedly pushing pro-Russia talking points, adding: \u201cOoh, shut up, that\u2019s Russian disinformation.\u201d Biden announced Thursday that the U.S. would send a further $1.3 billion in military and economic support to Ukraine, including $500 million in direct economic aid that the Ukrainian government can use to help \u201cstabilize their economy, to support communities that have been devastated by the Russian onslaught and pay the brave workers that continue to provide essential services to the people of Ukraine.\u201d Zelenskyy has remained in war-torn Kyiv, fighting with his people and meeting with various governments in continuous efforts to increase sanctions on Russia and bring aid to Ukraine.Throughout the war, he has parroted Russian propaganda, apparently earning a convenient rapport with the Kremlin, which has featured his broadcasts on state TV and even reportedly directed state-controlled media to use his segments \u201cas much as possible.\u201d",
    "intent": "War"
  },
  {
    "text": "Personally, I\u2019d rather wait five or six years and travel/enjoy married life first.\u201d \u2013 Miles, 29, Hertfordshire \u201cAs a 23-year-old with a business that will soon be turning over six figures, the thought of having a child is something that I\u2019ve mentally delayed even thinking about until my mid-thirties as my friends that have children have had their careers put on hold and are now struggling financially.\u201d \u2013 Ted Lawlor, 23, South London \u201cTo be comfortable being a dad I\u2019d need 1) to genuinely be very much in love with the woman, and expect to happily spend the rest of my life with her 2) have a house with enough room and 3) be generally financially stable enough given childcare costs.My girlfriend and I have a plan to save money specifically with the child in mind so that we\u2019re fully prepared for the magical moment.\u201d \u2013 Jake Hanley, 24, Kent \u201cThe earlier I have kids, the longer I\u2019ll be around for them and my grandkids, but the cost of living and housing means this is being pushed down the road.",
    "intent": "Miscellaneous"
  },
  {
    "text": "In response to the latest comparisons, a Shein spokesperson told the Guardian: \u201cShein suppliers are required to comply with the company\u2019s code of conduct and certify their products do not infringe on third-party IP.\u201d HuffPost UK has also contacted the brand for comment.That\u2019s despite the fact, she adds, that \u201cyou\u2019re able to go into a Zara store and see the designs [and] it feels more luxurious than Shein.\u201d Micro trends are when a fashion item or aesthetic become really popular quickly, but goes out of style equally quickly,.",
    "intent": "Miscellaneous"
  },
  {
    "text": "Mourners said he had a great memory and was also the town\u2019s \u201carchive\u201d, knowing the dates of the deaths of all of Beita\u2019s \u201cmartyrs\u201d including nine shot dead by security forces during the time of the protests.Seven Beita residents were injured during the raid, one of them shot in the eye and another in the head, said the deputy mayor.",
    "intent": "War"
  },
  {
    "text": "The 39-year-old Cano, who was out of the starting lineup for a second straight day Thursday as the Mets beat the Giants 6-2, is 5-for-27 (.185) on the season.\u201cI\u2019ll tell you, in fairness to him and most of our players: Try to let the weather get a little warmer,\u201d the manager said of Cano, who historically has been better in June and July than in April and May.",
    "intent": "Miscellaneous"
  },
  {
    "text": "And it\u2019s cool that you can see this eclipse exactly as the rover saw it from Mars.\u201d The tidal forces of Phobos\u2019 gravity tug on the red planet\u2019s crust and mantle, slightly deforming the Martian rock.\u201cThe delta at Jezero Crater promises to be a veritable geologic feast and one of the best locations on Mars to look for signs of past microscopic life,\u201d said Thomas Zurbuchen, the associate administrator of NASA\u2019s Science Mission Directorate, in a statement.",
    "intent": "Miscellaneous"
  },
  {
    "text": "Firefighters are bracing for the return of ferocious winds in the Southwest after a brief reprieve allowed them to attack flames from the air for the first time in days as a half-dozen large wildfires continue to grow in Arizona and New Mexico.At a fire that\u2019s consumed about 3 square miles (8 square kilometers) of timber and brush and forced evacuations near Prescott, Arizona, Forest Service officials reported the blaze continues to burn \u201cin continuous thick, dry, dead and down fuels in very rugged terrain.\u201d \u201cErratic winds and fire behavior is making conditions hazardous for firefighters,\u201d who are \u201cbeing directed to not put themselves in situations where the risks are high and probability of success is low,\u201d Prescott National Forest officials said in an update Thursday.",
    "intent": "Miscellaneous"
  },
  {
    "text": "An alert issued by the Five Eyes intelligence alliance, which consists of the UK, Australia, Canada, New Zealand and the United States, has warned the Russian government is exploring options for potential cyber attacks against critical organisations such as the NHS, nuclear power stations and parts of the civil service.Chancellor of the Duchy of Lancaster Steve Barclay, the minister responsible for cyber security, told The Daily Telegraph: \u201cCyber attacks recognise no physical or geographical boundary and it has never been more important to plan and invest in cyber resilience.\u201d",
    "intent": "War"
  },
  {
    "text": "President Biden said Thursday that Russia was setting the stage for a new phase of the war, and announced an additional $800 million in military aid for Ukraine that is tailored for combat in the flat, open terrain of the eastern Donbas region.While Washington won\u2019t detail every arms shipment, \u201cwe will speak softly and carry a large Javelin,\u201d Biden said, paraphrasing President Theodore Roosevelt.",
    "intent": "War"
  },
  {
    "text": "Each year, the day follows a different theme and 2022\u2019s is \u201cInvest in Our Planet.\u201d It hopes to encourage individuals, businesses and governments to invest in technological change that can help the planet.The biggest of which will be in New York City, with governors closing down multiple streets on the Saturday following Earth Day to promote better air quality and environmental damage.",
    "intent": "Miscellaneous"
  },
  {
    "text": "Jenner started by quote tweeting another user's views on the upcoming interview and wrote: \"This is a pathetic attempt to use President Trump as a way to revive the career of a failed television host,' @TayFromCA... couldn\u2019t agree more.When a fan tried to say Jenner hadn't been invited to take part in the show she hit out saying: \"I was not only invited - I was paid to be on his show in the past (multiple times) and was being paid to be on it again, this Wednesday, for 10 minutes... \"You have no idea what you are talking about @piersmorgan has shown how unprofessional he is today.\"",
    "intent": "Miscellaneous"
  },
  {
    "text": "Former President Donald Trump warned in a speech Thursday that President Biden had made America more vulnerable to its enemies, including by withdrawing U.S. troops from Bagram Air Base in Afghanistan, which Trump said he would have kept in order to monitor China's nuclear program.Trump said the botched Afghanistan withdrawal highlights Biden's weak leadership on the world stage, and he claimed that Russian President Vladimir Putin would not have invaded Ukraine were he still in office.",
    "intent": "War"
  },
  {
    "text": "He was planning to buy a plane ticket to Europe when he said the State Department confirmed the boy, Aslanova and her family had escaped to Russia.He said she was considering coming back to California but was reluctant because she faces criminal charges for child abduction and also for driving under the influence in a case that prompted Quintana to seek the custody order in 2020.",
    "intent": "Miscellaneous"
  },
  {
    "text": "JUST WATCHEDBlood on the stairwell: Inside the brutal occupation of BuchaReplayMore Videos ...MUST WATCHBlood on the stairwell: Inside the brutal occupation of Bucha 03:32 \"Rape is an instrument of war against the civilian population -- an instrument of destruction of the Ukrainian nation,\" she said.JUST WATCHED'People often cry during their questioning': CNN speaks to woman investigating Russian war crimesReplayMore Videos ...MUST WATCH'People often cry during their questioning': CNN speaks to woman investigating Russian war crimes 05:18 Lata Hogg, from the All Survivors Project, said that in the past month her group has had multiple accounts of sexual violence, \"and the pattern of sexual violence emerging in this context is not dissimilar to those which have been documented in other contexts globally,\" including during the conflict in Chechnya.",
    "intent": "War"
  },
  {
    "text": "The investigation was spurred by allegations regarding fire protection concerns at the repository, which is the backbone of a multibillion-dollar effort to clean up Cold War-era waste from past nuclear research and bomb making at national laboratories and defense sites across the U.S. Investigators noted that the issues with the fire department training program went back to at least 2016.Energy Department officials in a response to the inspector general said the agency has followed through with corrective actions and will continue to \u201c'make progress on ensuring local fire departments and first responders have all necessary training and equipment to handle any event in relation to WIPP's operations.\u201d Still, agency officials acknowledged there was more work to do.",
    "intent": "miscellaneous"
  },
  {
    "text": "That has real effects on the U.S. economy, largely through energy prices and food.\u201d But \u201cwhen you put it all together, the U.S. economy is in a strong position, even as we face some additional risks in the months ahead,\u201d the official said.The official, speaking on condition of anonymity to discuss private White House forecasts, said the administration was encouraged to see the International Monetary Fund estimate that the U.S. will see its gross domestic product grow 3.7% this year.",
    "intent": "Miscellaneous"
  },
  {
    "text": "Its work was subject to oversight by the Soviet security apparatus, and its reputation and stature were put to the service of falsifying evidence and whitewashing Soviet crimes, most notably the Katyn massacre of more than 20,000 Polish military officers and other prisoners of war.Francine Hirsch is a professor of history at the University of Wisconsin-Madison and the author of \u201cSoviet Judgment at Nuremberg.\u201d Eugene Finkel is an associate professor of international affairs at Johns Hopkins University and the author of \u201cOrdinary Jews: Choice and Survival during the Holocaust.\u201d They wrote this for the Los Angeles Times.",
    "intent": "War"
  },
  {
    "text": "Instead of sending troops to finish off the Mariupol defenders inside the steel factory in a potentially bloody frontal assault, Russia apparently intends to maintain the siege and wait for the fighters to surrender when they run out of food or ammunition.\u201cThe Russian agenda now is not to capture these really difficult places where the Ukrainians can hold out in the urban centers, but to try and capture territory and also to encircle the Ukrainian forces and declare a huge victory,\u201d retired British Rear Adm. Chris Parry said.",
    "intent": "War"
  },
  {
    "text": "Despite the rally, the stock is still far from its 500p float price in September 2020 and a fraction of the almost 800p it hit in early 2021.He will give this up later in the year as part of plans to switch THG\u2019s listing on the London Stock Exchange to a premium listing where it will be able to be included in the FTSE indexes.",
    "intent": "Miscellaneous"
  },
  {
    "text": "From his Mar-a-Lago resort in Florida, Trump is closely watching the developments in Iowa and working with operatives in the state to ensure that he would dominate the caucuses if he decided to run again.Making his third trip to Iowa since the 2020 election, Pence plans to campaign on Saturday with Rep. Randy Feenstra in the Republican-heavy 4th Congressional District and cap the day with a speech to the county GOP meeting in Ames.",
    "intent": "Miscellaneous"
  },
  {
    "text": "When it was put to England\u2019s Education Secretary that Labour\u2019s motion itself called for the parliamentary probe to begin after the police investigation and the publication of the Gray report, he stuck rigidly by the Government\u2019s amendment, insisting: \u201cThat is the right way to follow due process; that\u2019s what I\u2019ll be voting for.\u201d There was a subtle but key difference.The House of Commons will agree to refer it to the Privileges Committee.\u201d Ahead of the partygate debate, Sir Charles Walker, Vice-Chairman of the Conservative backbench 1922 Committee, argued against a vote, telling MPs the PM could \u201cmake the case to the Privileges Committee directly without having this House divide and yet more poison pumped into public life\u201d.",
    "intent": "Miscellaneous"
  },
  {
    "text": "An alert issued by the Five Eyes intelligence alliance, which consists of the UK, Australia, Canada, New Zealand and the United States, has warned the Russian government is exploring options for potential cyber attacks against critical organisations such as the NHS, nuclear power stations and parts of the civil service.Chancellor of the Duchy of Lancaster Steve Barclay, the minister responsible for cyber security, told The Daily Telegraph: \u201cCyber attacks recognise no physical or geographical boundary and it has never been more important to plan and invest in cyber resilience.\u201d",
    "intent": "Miscellaneous"
  },
  {
    "text": "Instead of sending troops to finish off the Mariupol defenders inside the steel factory in a potentially bloody frontal assault, Russia apparently intends to maintain the siege and wait for the fighters to surrender when they run out of food or ammunition.\u201cThe Russian agenda now is not to capture these really difficult places where the Ukrainians can hold out in the urban centers, but to try and capture territory and also to encircle the Ukrainian forces and declare a huge victory,\u201d retired British Rear Adm. Chris Parry said.",
    "intent": "War"
  },
  {
    "text": "The weather through April has been very dry, and the Met Office is forecasting that it is set to stay that way right to the end of the month.It is likely we will see the weather remaining fairly settled and remaining dry right the way through to the end of the month.",
    "intent": "Miscellaneous"
  },
  {
    "text": "The 9-0 ruling does not resolve the dispute but sends the case back to a courtroom in Los Angeles to decide the matter based on California law, which is more favorable to the family.While the baron had \u201creasons for suspicion\u201d that the painting may have been stolen and the museum \u201cmay have been irresponsible\u201d in failing to investigate its history, Walter said neither had \u201cactual knowledge\u201d that the painting had been essentially stolen by the Nazis.",
    "intent": "Miscellaneous"
  },
  {
    "text": "When borrowers tell the company servicing their loans that they're having trouble making payments, the servicers are supposed to alert them about IDR plans and other lower-cost options, as well as the costs of having their loan go into forbearance \u2014 a temporary form of relief that reduces or suspends payments while allowing interest charges and debt to grow.To make up for forbearance steering, the department said it would count any previous forbearance of more than 12 consecutive months or more than 36 months in total as if the borrowers had stayed current on their loans when calculating progress toward forgiveness in an IDR plan.",
    "intent": "Miscellaneous"
  },
  {
    "text": "Moon had his own moments of glory, as well: He stood in the May Day Stadium in Pyongyang in 2018, becoming the first South Korean leader to address a North Korean audience.Mr. Moon\u2019s painstaking work to mediate between Mr. Kim and Mr. Trump started fraying after their second summit, held in Hanoi in 2019, collapsed without the leaders sorting out the details on how to carry out the Singapore agreement.",
    "intent": "Miscellaneous"
  },
  {
    "text": "The hate-filled soundtracks have further heightened tensions, but the creators of these songs see them as a form of devotion to their faith and a mere assertion of being a \u201cproud Hindu.\u201d \u201cIndia is a Hindu nation and my songs celebrate our religion.The day violence struck Khargone, T. Raja Singh, a lawmaker from Modi\u2019s Bharatiya Janata Party, led a similar procession of Hindu devotees in southern Hyderabad city and belted out a self-composed song that made veiled references to the removal of Muslims from the country.",
    "intent": "Miscellaneous"
  },
  {
    "text": "The Batavia junior ran the 3,200-meters for the first time -- and won the race with a 12:05.87 -- at the Carlson-Anderson Classic hosted at Batavia High School on Thursday.The motivation to return to the meet and get back to the level she was is fueling her this year.",
    "intent": "Miscellaneous"
  },
  {
    "text": "Speed limiters work by using GPS data and traffic cameras to determine the speed limits of each road, they then automatically restrict vehicles from breaking the limit, although they can be overridden by drivers.Earlier this month, the Telegraph reported there would be a Government consultation on a range of vehicle safety measures that potentially reduce engine power or set off alarms if drivers exceed the relevant speed limit.",
    "intent": "Miscellaneous"
  },
  {
    "text": "The Met Office predicted that the east of the UK will see chiller weather from Thursday night before a dip in temperatures across the south with cloudy conditions expected.However, while temperatures still won't reach the dizzy heights of 20C, London can expect highs of 17C on Saturday and Sunday - making the capital warmer than the Spanish capital Madrid on Saturday, which according to the BBC will have a high of 16C.",
    "intent": "Miscellaneous"
  },
  {
    "text": "\u201cSome of the leaflets that have been delivered from the national parties locally talk about things that are in the gift of the Scottish Government and the Westminster government, which local authorities can\u2019t implement or even challenge,\u201d he says.\u201cI have been on the council myself for a while but the way the structure of the council operates is I can put as many motions down for discussion if I want, but if I can\u2019t get a seconder the issue doesn\u2019t get debated.",
    "intent": "Miscellaneous"
  },
  {
    "text": "The hate-filled soundtracks have further heightened tensions, but the creators of these songs see them as a form of devotion to their faith and a mere assertion of being a \u201cproud Hindu.\u201d \u201cIndia is a Hindu nation and my songs celebrate our religion.The day violence struck Khargone, T. Raja Singh, a lawmaker from Modi\u2019s Bharatiya Janata Party, led a similar procession of Hindu devotees in southern Hyderabad city and belted out a self-composed song that made veiled references to the removal of Muslims from the country.",
    "intent": "Miscellaneous"
  },
  {
    "text": "And 100 years later, the fourth generation is at the helm, with the next already on the books with an eye to the future.\u201cThat was brought home to me when we discovered my grandad\u2019s signature from 1926 on a zinc roof ridge in Scone\u2019s Bonhard Road, and his uncle Jim\u2019s handiwork was dated 1900.\u201d Robertsons took over Scone building firm Bruce\u2019s in the mid-1960s.",
    "intent": "Miscellaneous"
  },
  {
    "text": "From the other POV, conveyed by Perrette during a town hall with staffers on Thursday, the \"prior leadership\" of CNN endangered the brand because they \"decided to just keep going\" with the planned March launch of CNN+ despite the impending merger.From the cold opens to the closing thoughts, the guest bookings to the graphics, the show is superb, thanks to the producing staff.",
    "intent": "Miscellaneous"
  },
  {
    "text": "JUST WATCHEDNew audio shows McCarthy considered asking Trump to resignReplayMore Videos ...MUST WATCHNew audio shows McCarthy considered asking Trump to resignAfter House Minority Leader Kevin McCarthy vehemently denied reporting from NYT's Alex Burns and Jonathan Martin that he considered asking Trump to resign after January 6th, audio of McCarthy saying he would talk to Trump about resigning was released.': Tapper asks Biden's national security adviserSee More New audio shows McCarthy considered asking Trump to resignDon Lemon TonightAfter House Minority Leader Kevin McCarthy vehemently denied reporting from NYT's Alex Burns and Jonathan Martin that he considered asking Trump to resign after January 6th, audio of McCarthy saying he would talk to Trump about resigning was released.",
    "intent": "Miscellaneous"
  },
  {
    "text": "Read more: Kynren: Tickets on sale for shows to mark Platinum Jubilee Anne-Isabelle Daulon, CEO and co-Founder of 11Arches, said: \u201cOur charity focuses on community development and on this historic celebration weekend, we want to offer the opportunity to enjoy the unique Kynren experience to special groups and members of our community.\u201d Anyone who would like to nominate their group, charity or good cause for free tickets should email info@11arches.org.From the fog of war and the noise of battle to the heat of industry; from Romans to Victorians and the lavish pomp and pageantry of royal ceremony, to thrilling choreography, amazing stunts, equestrianism, water jets, special effects and pyrotechnics \u2013 Kynren is a truly breath-taking experience.",
    "intent": "Miscellaneous"
  },
  {
    "text": "A comfortable seat with a sturdy frame and its ability to fold up into a small one is easy to transport, you can toss this in your trunk and have a comfy place to rest anywhere.Credit: B&Q The curved lines and natural colour of this Apolima armchair is perfect for creating a warm, cosy atmosphere in your outdoor space and is perfect for drinking a coffee or cocktail in the sun.",
    "intent": "Miscellaneous"
  },
  {
    "text": "I\u2019m having to give up my home because of the stairs so I\u2019m looking for a bungalow \u201cIt\u2019s killing me having to have carers come in and help with everything.\u201d She was hit by a car at about 7.30pm on October 13, on North Road near the Denmark Street junctions.\u201cSomething needs to be done about that road.\u201d Read more: Ad from Tory which had wrong Darlington MP was a 'glitch' Six months on from the crash, Ms Theakston has an appointment next week to see about getting a prosthetic leg and hopes to eventually be able to walk again.",
    "intent": "Miscellaneous"
  },
  {
    "text": "The First Minister is set to attack the UK Government for what she claims is a failure to tackle the cost-of-living crisis, warning it has been \u201cyears in the making\u201d \u2013 insisting that grown-up leadership from the SNP is required.The SNP leader will praise the efforts from communities in responding to the pressures on families struggling with the cost-of-living crisis \u2013 comparing the situation with the reaction to the pandemic.",
    "intent": "Miscellaneous"
  },
  {
    "text": "\"I\u2019m happy to consider whether there is any further action or procedure that the Scottish Government can initiate and I will come back to the member in writing if I conclude that that is the case.\u201d Her remarks come after it emerged that complaints received in 2020 triggered the appointment of Azets \u2013 a company that specialises in audit, accounting, tax and business advice services \u2013 and an internal investigation led by Aileen McKechnie, the college principal.However, a plan that sets out the recommendations and action taken to meet them suggests serious failings were uncovered in areas such as procurement, preventing bribery, carrying out supplier due diligence, accepting hospitality or gifts, HR, overseeing budgets and expenditure, stock control, inventory management, and protecting access to storerooms and other locations that are \u201csusceptible to theft\u201d.",
    "intent": "Miscellaneous"
  },
  {
    "text": "Touching on the regulatory regime, which has a higher price cap for prepayment meter customers, Mr Anderson said: \u201cRight now people on a prepayment meter pay more and that is perverse and a social tariff should be brought in to discount the price for people in fuel poverty and people on a prepayment, and the cost of that should be borne by those who can afford to pay.\u201d He added: \u201cMy biggest concern is actually when we get to October, particularly around the most vulnerable and the poorest and that tends to match with the people on a prepayment meter\u2026 Actually during the summer their consumption will go down so their bills will be more manageable.And it\u2019s got to a stage now where I honestly believe the size and scale of this is beyond what I can deal with, it\u2019s beyond what I think this industry can deal with and I think it needs a massive shift, significant shift, in the government policy approach towards this.\u201d And Mr Anderson had thought through a potential solution, involving the Government enabling a meaningful and swift reduction in the bills of poor and vulnerable customers, with the heavy burden of paying for this not just being dumped on these households in coming years but spread across the consumer base, with the possibility of the Government partially funding the relief.",
    "intent": "Miscellaneous"
  },
  {
    "text": "Shona told me: \u201cI remember the kind of shy \u2013 maybe a little chubby \u2013 kid who went up to Dundee and then the beautiful human being that I remember from the last time I saw them.I can only hope Lexi\u2019s story will act as a symbol of hope, and that their legacy continues to inspire those in Dundee and beyond to be strong.",
    "intent": "Miscellaneous"
  },
  {
    "text": "It\u2019s the same for everybody.\u201d Homes for Ukraine: Long waits for approval North East Fife MP Wendy Chamberlain and her staff have been helping a number of local sponsors.\u201cIt is important that all levels of government work together to help those welcoming refugees and to give the Ukrainian refugees all the support they need.\u201d Fife Council is offering help and advice to anyone considering hosting or sponsoring a Ukrainian refugee.",
    "intent": "Miscellaneous"
  },
  {
    "text": "Low consumer confidence is compounding ongoing market challenges Geopolitical and economic uncertainty is hindering any chance of recovery in the global smartphone market, with shipments falling during the first quarter of 2022 and ongoing challenges causing slower than expected growth this year.Figures from Canalys show that overall shipments fell by 11% during the first three months of the year, with traditionally sluggish seasonal demand compounded by lockdowns in China, Russia's invasion of Ukraine, and the rising cost of living in many other countries.",
    "intent": "War"
  },
  {
    "text": "He savaged Le Pen over her ties to Russia, picked gaping holes in her plans to ease the cost of living crisis, exposed the internal contradictions in her Europe policy and pointed at the incoherences of her proposals on energy and the environment.France\u2019s 2022 presidential debate marked the full normalisation of the party now led by his daughter, and of its policies \u2013 the culmination of a 15-year push on her part to detoxify the Front National, soften its jackbooted image, and transform it into a \u201cnormal\u201d party.",
    "intent": "Miscellaneous"
  },
  {
    "text": "And while some were clearly much happier with a pen than a bat or ball in their hand, Doyle, the fellow who wrote The Hound of the Baskervilles, was a towering figure who dogged his rivals in several different pursuits.\u201cBut this is one of the most outstanding examples of the link between literature and sport and there is something quite improbable about how these famous writers started playing together, and all their characters are quite fantastical.\u201d The team raised the game\u2019s profile The celebrities were feted on their travels and attracted the interest of people who would normally never have gone near a cricket ground.",
    "intent": "War"
  },
  {
    "text": "And while some were clearly much happier with a pen than a bat or ball in their hand, Doyle, the fellow who wrote The Hound of the Baskervilles, was a towering figure who dogged his rivals in several different pursuits.\u201cBut this is one of the most outstanding examples of the link between literature and sport and there is something quite improbable about how these famous writers started playing together, and all their characters are quite fantastical.\u201d The team raised the game\u2019s profile The celebrities were feted on their travels and attracted the interest of people who would normally never have gone near a cricket ground.",
    "intent": "Miscellaeous"
  },
  {
    "text": "\u201cWe\u2019ve worked hard over the last 34 games to get to the position we\u2019re in and we want to give it a right go.\u201cBut we\u2019re in for a very difficult game, because Bonnyrigg are an excellent side, but we\u2019ve shown we\u2019re a very good side as well and it should be a cracking tie.\u201d Broch look to have a go Cowie is pleased Fraserburgh will be at home for the second leg of the tie.",
    "intent": "Miscellaneous"
  },
  {
    "text": "A truly subversive storyline would have defied the trope which sees same-sex lovers in TV dramas permitted only the most fleeting of relationships before one of them is killed off (Lexa\u2019s death in The 100, immediately after sleeping with her female love interest for the first time, is another example).And I know that no TV writers can take her away because she\u2019s ours \u2013 all of ours \u2013 and thanks to your books and our love she will live on forever.\u201d I learned the outcome of the final episode in advance, and suspected, rightly, that fans would be upset.",
    "intent": "Miscellaneous"
  },
  {
    "text": "The Northman is going to be epic\u2026 Hail Odin.\u201d On the face of it, some images of Skarsg\u00e5rd in The Northman \u2013 bare-chested, pumped-up with battle rage, wearing a wolf\u2019s pelt as headgear \u2013 are uncomfortably close to those of Jake Angeli, AKA the \u201cQAnon Shaman\u201d, the abiding mascot of the 6 January assault on the US Capitol.Neither JRR Tolkien nor Peter Jackson consciously framed the fantasy epic as white-nationalist propaganda, but, as with Nordic mythology, it harks back to an imaginary Eurocentric realm in which the heroes are considered to be white-skinned (and were cast as such in the movies) and the chief enemies, the orcs, are characterised as dark-skinned, ugly and uncivilised.",
    "intent": "Miscellaneous"
  },
  {
    "text": "However, new technology is not necessarily cheap to install, and Savills found that homes that run on newer and cleaner energy tend to cost more, according to analysis of the average values of house transactions between 2019 and 2021.\u201cIt also highlights the enormous challenge set by the zero-carbon agenda targets and the uphill battle ahead that we face.\u201d He added that government subsidies would go some way to help people to lower their homes\u2019 environmental footprint \u2013 including improving home insulation, or adding solar panels \u2013 but more resources and investment were needed to help reduce the UK\u2019s reliance on fossil fuel heating.",
    "intent": "Miscellaneous"
  },
  {
    "text": "Then you just kind of wander out of the wings and amble over to a table looking for all the world like a roadie setting up, until the audience realise, \u201coh, it\u2019s her\u201d and bursts into applause and cheers.The latter came with a loving tribute to her dad, Danny \u2013 just one of the many stories of her life Eddi wove through the evening as she chatted and bantered with the audience.",
    "intent": "Miscellaneous"
  },
  {
    "text": "Mr Jarvie says he will move to Caithness if elected, while his party colleague Andrew Sinclair decided to stand in Inverness because that\u2019s where he wants to live.\u201cSo far, people are almost humbled that I have given up my safe seat and dropped my parliamentary ambitions to pursue this.\u201d The six candidates for Wick and East Caithness are Raymond Bremner (SNP incumbent) Bill Fernie (independent), Andrew Jarvie (Conservative), Neil MacDonald (Labour), AI Willie Mackay (independent incumbent) and Jan McEwan (Liberal Democrat).",
    "intent": "Miscellaneous"
  },
  {
    "text": "Ms Dunbar said: \u201cThe hospital is not in the ward but it has an impact on the people in the ward, and it\u2019s one of the biggest things people talk to me about on the doorstep.\u201cIf we get the A96 duelling done it would help a lot of people and businesses, and there could be a lot of hidden benefits including more green space in the town.\u201d She is backing a Conservative manifesto pledge to address the problem of potholes, is keen to see more done to attract and keep young people in the area and to put Moray on the map as a tourist destination.",
    "intent": "Miscellaneous"
  },
  {
    "text": "Me that\u2019s a pecher at the best of times, I was feart that with my schnozzle and moo covered I wouldn\u2019t be able to walk and breathe at the same time.We\u2019re all being allowed to throw away our face coverings and, not to put too fine a point on it, sod Covid And, just to add to the unhygienic state of these bods, when they sneeze, they tend to pull the mask doon, to allow all the germs to be Born Free.",
    "intent": "Miscellaneous"
  },
  {
    "text": "Today, we\u2019ll discuss if this 21st century temple to the future of money is an example to be followed across the world or whether real regulation and protections are needed to stop people from potentially getting hurt.Sources: BBC News Producer: Rachel Evans LISTEN AND SUBSCRIBE You can listen to, download and subscribe to the podcast on Apple Podcasts here.",
    "intent": "Miscellaneous"
  },
  {
    "text": "Beloved romcoms like \u201cWhen Harry Met Sally,\u201d \u201cYou\u2019ve Got Mail\u201d and \u201cCrazy, Stupid, Love\u201d will be available for streaming at the start of the month, along with dramas like \u201cA River Runs Through It\u201d and \u201cRoad to Perdition.\u201d The final two seasons of Ukrainian President Volodymyr Zelenskyy\u2019s political satire series \u201cServant of the People\u201d will also be joining Netflix, due to popular demand in the wake of Russia\u2019s invasion of Ukraine.Marshals\u201d \u201cWar of the Worlds\u201d \u201cWhen Harry Met Sally\u201d \u201cYou\u2019ve Got Mail\u201d May 2 \u201cOctonauts: Above & Beyond\u201d (Season 2, Netflix Family) May 3 \u201cHold Your Breath: The Ice Dive\u201d (Netflix Documentary) May 4 \u201c40 Years Young\u201d (Netflix Film) \u201cThe Circle\u201d (Season 4, Netflix Series) \u201cEl marginal\u201d (Season 5, Netflix Series) \u201cMeltdown: Three Mile Island\u201d (Netflix Documentary) \u201cSummertime\u201d (Season 3, Netflix Series) May 5 \u201cBlood Sisters\u201d (Netflix Series) \u201cClark\u201d (Netflix Series) \u201cThe Pentaverate\u201d (Netflix Series) \u201cThomas & Friends: All Engines Go\u201d (Season 1) \u201cWild Babies\u201d (Netflix Documentary) May 6 \u201cAlong for the Ride\u201d (Netflix Film) \u201cMarmaduke\u201d (Netflix Film) \u201cThe Sound of Magic\u201d (Netflix Series) \u201cThar\u201d (Netflix Film) \u201cThe Takedown\u201d (Netflix Film) \u201cWelcome to Eden\u201d (Netflix Series) May 8 \u201cChristina P: Mom Genes\u201d (Netflix Comedy) May 9 \u201cGhost in the Shell: SAC_2045 Sustainable War\u201d (Netflix Anime) May 10 \u201cOutlander\u201d (Season 5) \u201cWorkin\u2019 Moms\u201d (Season 6, Netflix Series) \u201c42 Days of Darkness\u201d (Netflix Series) \u201cBrotherhood\u201d (Season 2, Netflix Series) \u201cOperation Mincemeat\u201d (Netflix Film) \u201cOur Father\u201d (Netflix Documentary) \u201cThe Getaway King\u201d (Netflix Film) May 12 \u201cMaverix\u201d (Netflix Comedy) \u201cSavage Beauty\u201d (Netflix Series) May 13 \u201cBling Empire\u201d (Season 2, Netflix Series) \u201cThe Life and Movies of Er\u015fan Kuneri\u201d (Netflix Series) \u201cThe Lincoln Lawyer\u201d (Netflix Series) \u201cNew Heights\u201d (Netflix Series) \u201cSenior Year\u201d (Netflix Film) May 14 \u201cBorrego\u201d May 15 \u201cPJ Masks\u201d (Season 4) May 16 \u201cBlippi\u2019s Adventures\u201d \u201cServant of the People\u201d (Season 2-3) \u201cVampire in the Garden\u201d (Netflix Anime) May 17 \u201cThe Future Diary\u201d (Season 2, Netflix Series) May 18 \u201cCyber Hell: Exposing an Internet Horror\u201d (Netflix Documentary) \u201cLove on the Spectrum U.S.\u201d (Netflix Series) \u201cThe Perfect Family\u201d (Netflix Film) \u201cToscana\u201d (Netflix Film) \u201cWho Killed Sara?\u201d (Season 3, Netflix Series) May 19 \u201cA Perfect Pairing\u201d (Netflix Film) \u201cThe Boss Baby: Back in the Crib\u201d (Netflix Family) \u201cThe G Word with Adam Conover\u201d (Netflix Documentary) \u201cInsiders\u201d (Season 2, Netflix Series) \u201cThe Photographer: Murder in Pinamar\u201d (Netflix Documentary) \u201cRodrigo Sant\u2019Anna: I\u2019ve Arrived\u201d (Netflix Comedy) May 20 \u201cBen Is Back\u201d \u201cF*ck Love Too\u201d (Netflix Film) \u201cJackass 4.5\u201d \u201cLove, Death & Robots\u201d (Volume 3, Netflix Series) \u201cWrong Side of the Tracks\u201d (Netflix Series) May 22 \u201cONE PIECE\u201d May 23 \u201cGhost in the Shell: SAC_2045\u201d (Season 2, Netflix Anime) \u201cGodspeed\u201d (Netflix Film) \u201cSea of Love\u201d (Netflix Family) May 25 \u201cLarva Pendant\u201d (Netflix Film) \u201cSomebody Feed Phil\u201d (Season 5, Netflix Series) May 26 \u201cMy Little Pony: Make Your Mark\u201d (Netflix Family) \u201cPok\u00e9mon Master Journeys: The Series\u201d (Part 3, Netflix Family) May 27 \u201cStranger Things 4\u201d (Volume 1, Netflix Series) May 30 \u201cMighty Little Bheem: I Love Taj Mahal\u201d (Netflix Family) May 31 \u201cRise of the Teenage Mutant Ninja Turtles\u201d (Season 1) \u201cTeenage Mutant Ninja Turtles\u201d (Season 1) Date TBA \u201cLike a Rolling Stone: The Life & Times of Ben Fong-Torres\u201d \u201cWelcome to Wedding Hell\u201d (Netflix Series)",
    "intent": "Miscellaneous"
  },
  {
    "text": "(Image: Getty Images) The royals jet off today - and are set to meet communities, local entrepreneurs and craftspeople, and young people on the islands, as they mark the momentous milestone for the monarch.While visiting Saint Vincent and the Grenadines, Prince Edward will meet athletes in training for the Commonwealth Games, to be held in Birmingham this summer.It comes after the Duke and Duchess of Cambridge were criticised for some parts of their recent Caribbean tour.In March, part of Prince William and Catherine's Caribbean tour was axed after opposition from locals.READ MORE: Harry slammed by palace insiders as Charles 'furious' Meanwhile, the Queen will be celebrating her 96th birthday on Thursday.(Image: Getty Images) The pair had been due to visit a cacao farm in the foothills of the Maya Mountains but it was removed from the couple's schedule following reports of a protest opposing the royal trip.Meanwhile, the Queen celebrated her 96th birthday on Thursday.Recently, Buckingham Palace announced that the monarch, 95, would not be attending the Maundy Thursday service at St George\u2019s Chapel in Windsor.For the first time she was represented by the Prince of Wales and the Duchess of Cornwall at what is considered an important fixture in the royal calendar.DON'T MISS:'Arrogant' Macron showed true colours in debateDarren Grimes attacks new climate change GCSE 'by left wing activists'Massive explosion as plane crashes into food warehouse The Queen is understood to be in good health but has some mobility problems.",
    "intent": "Miscellaneous"
  },
  {
    "text": "Sir John Keegan, whose opinions of specific Irving theses naturally vacillated, nonetheless wrote that Irving \u201cknows more than anyone alive about the German side of the Second World War\u201d, and claimed that Irving\u2019s book Hitler\u2019s Warwas \u201cindispensable to anyone seeking to understand the war in the round.\u201d In the Times Literary Supplement, Keegan also wrote that \u201cTwo books in English stand out from the vast literature of the Second World War: Chester Wilmot\u2019s The Struggle for Europe, published in 1952 and David Irving\u2019s Hitler\u2019s War\u201d.Here is a taste of Irving\u2019s tenacious, firsthand investigations and attention to detail: As far as Irving being a \u2018Holocaust denier\u2019: Below is an instructive debate between Eric Breindel of The NY Post and the great Christopher Hitchens, who at the time had just written a Vanity Fair piece slamming St. Martin\u2019s Press for reneging on David Irving\u2019s book contract for a Joseph Goebbels biography.",
    "intent": "War"
  },
  {
    "text": "A prominent Russian TV presenter says Moscow's war in Ukraine will extend to Europe and the world.The Kremlin is already starting to wage a \"de facto\" war against NATO countries, he said.Echoing Putin's call for the \"de-Nazification\" of Ukraine, Solovyov said: \"Not only will Ukraine have to be denazified, the war against Europe and the world is developing a more specific outline, which means we'll have to act differently, and to act much more harshly.\"",
    "intent": "War"
  },
  {
    "text": "In the aftermath of the Tonga eruption, action needs to be taken to avoid a surge of pests and the failure of coconuts as a staple food and source of income.While the reconstruction of houses and commercial buildings was the initial priority, the dead and decaying palms constituted a severe risk with potential for a second disaster from emergence of large numbers of coconut rhinoceros beetles in the decaying trunks.",
    "intent": "Miscellaneous"
  },
  {
    "text": "The award was created by the family of the late president to honor public figures who risk their careers by embracing unpopular positions for the greater good, and is named after Kennedy\u2019s 1957 Pulitzer Prize-winning book, \u201cProfiles in Courage.\u201d \u201cThere is no more important issue facing our country, and the world, today than the fight for democracy,\u201d Kennedy said in a statement.\u201cThe war in Ukraine has shown the world that we can\u2019t take freedom for granted, and the courage of our elected officials in the U.S. reminds us that as citizens we each have a responsibility to protect our democracy and exercise our fundamental right to vote.\u201d Cheney chaired the Republican House Conference before being ousted from her post last year because of her unrelenting criticism of former President Donald Trump and statements blaming him for the violence at the U.S. Capitol on Jan. 6, 2021.",
    "intent": "War"
  },
  {
    "text": "In a televised meeting at the Kremlin, Putin said it was unnecessary to storm the industrial zone containing the Azovstal steel plant.\u201cThere\u2019s no need to climb into these catacombs and crawl underground through these industrial facilities ... Block off this industrial area so that not even a fly can get through,\u201d he said.Joe Biden has announced $800m in new arms supplies and said he will go to Congress to ask for more funding to help fend off the renewed Russian offensive in the east and south.",
    "intent": "War"
  },
  {
    "text": "\u201cOur collaboration on the issues that matter to both our countries, from climate change to energy security and defence, is of vital importance as we look to the future.\u201d India has declined to be critical of its former Cold War ally Russia and has abstained from voting in United Nations resolutions condemning Moscow.The Prime Minister said: \u201cWe always raise the difficult issues, of course we do, but the fact is that India is a country of 1.35 billion people and it is democratic, it\u2019s the world\u2019s largest democracy.\u201d He was speaking after posing for pictures in a JCB bulldozer after being shown around the new plant by owner Lord Bamford, who is a major Tory donor.",
    "intent": "Miscellaneous"
  },
  {
    "text": "The County boss knows some of the Celtic side find themselves in a new position in chasing down the title and that is where he thinks the experience of their 56-year-old gaffer can help aid their cause.\u201cHe didn\u2019t let it get to him too much and that\u2019s because he\u2019s an experienced manager and has been through a lot of it before.\u201d Mackay\u2019s side sealed a top-six place in the final game before the split at Aberdeen and he knows it is some achievement by the Staggies to punch above their weight.",
    "intent": "Miscellaneous"
  },
  {
    "text": "\u201cThe song is extremely outstanding, I like the sound so much and the lyrics are so appropriate for the situation.\u201d Speaking about life in Ukraine now, she explained: \u201cTo make a long story short, it seems that normal life is coming back but the fact is it only seems that way because some businesses are open, I can see more people walking through the streets.\u201cWe wanted to raise vital funds but we also wanted a song of hope and Anastasia told me that\u2019s exactly what this is for her and the good people of Ukraine and that meant more than anything to all of us.\u201d D:Ream ft Anastasia Derkach \u2013 the GBX and Sparkos Ukraine Relief Mix \u2013 is released at midnight on Friday with all proceeds from the song go to the DEC appeal to support refugees.",
    "intent": "War"
  },
  {
    "text": "Responding to a question from solicitor Robert Jones, who was representing the family, he added: \u201cShe broke sharply because she saw the size of it (combine harvester).\u201d Mr Booker, who was driving the combine harvester at its maximum speed of 12mph, said the Fiesta braked \u201cquite heavily\u201d as it came level with his vehicle.Evidence read out on behalf of witnesses who saw Mr Abbey prior to the collision referred to him driving \u201cerratically\u201d and \u201cin and out of cars\u201d but there was no evidence to suggest he was travelling over the speed limit.",
    "intent": "Miscellaneous"
  },
  {
    "text": "\u201cOur collaboration on the issues that matter to both our countries, from climate change to energy security and defence, is of vital importance as we look to the future.\u201d India has declined to be critical of its former Cold War ally Russia and has abstained from voting in United Nations resolutions condemning Moscow.The Prime Minister said: \u201cWe always raise the difficult issues, of course we do, but the fact is that India is a country of 1.35 billion people and it is democratic, it\u2019s the world\u2019s largest democracy.\u201d He was speaking after posing for pictures in a JCB bulldozer after being shown around the new plant by owner Lord Bamford, who is a major Tory donor.",
    "intent": "Miscellaneous"
  },
  {
    "text": "And then all of a sudden I was like, this is the greatest night of my life!\u201d He found it easy to channel Bruce Springsteen on his revelatory new cover of the outtake \u201cWages of Sin.\u201d\u201cI do have my methods of playing as close to the recorded version as possible,\u201d he says.Who knows, when we get old, we could want to do that.\u201d Download and subscribe to our weekly podcast, Rolling Stone Music Now, hosted by Brian Hiatt, on Apple Podcasts or Spotify (or wherever you get your podcasts), and check out three years\u2019 worth of episodes in the archive, including in-depth, career-spanning interviews with Bruce Springsteen, Halsey, Neil Young, Snoop Dogg, Brandi Carlile, Phoebe Bridgers, Rick Ross, Alicia Keys, the National, Ice Cube, Robert Plant, Dua Lipa, Questlove, Killer Mike, Julian Casablancas, Sheryl Crow, Johnny Marr, Scott Weiland, Liam Gallagher, Alice Cooper, Fleetwood Mac, Elvis Costello, John Legend, Donald Fagen, Phil Collins, Justin Townes Earle, Stephen Malkmus, Sebastian Bach, Tom Petty, Eddie Van Halen, Kelly Clarkson, Pete Townshend, Bob Seger, the Zombies, Gary Clark Jr., and many others \u2014 plus dozens of episodes featuring genre-spanning discussions, debates, and explainers with Rolling Stone\u2019s critics and reporters.",
    "intent": "Miscellaneous"
  }
]
